"CensusID","DateID","SiteID","AreaID","TypeID","CounterID","DielID","TimeStart","TimeEnd","AreaCovered","CensusComments","CensusNum","s_ColLineage","s_Generation","s_GUID","s_Lineage"
1028409284,1410796463,101,444919195,2,10,1,"1899-12-30 05:40:00","1899-12-30 10:25:00",100,"Dawn foggy",8,,16,,
904719696,1410820843,101,405379393,2,10,1,"1899-12-30 06:22:00","1899-12-30 07:15:00",100,"Clear sky, low waves.  Low barnacle patch",7,,16,,
-1433201473,1410820843,101,-1231616448,2,10,1,"1899-12-30 07:15:00","1899-12-30 09:22:00",100,"Pollicipes-dominated patch",3,,16,,
37404753,1410974608,101,1782601326,2,10,1,"1899-12-30 07:08:00","1899-12-30 10:15:00",85,"clear sky",6,,16,,
-1726834572,1402354975,101,1886782807,2,10,1,"1899-12-30 05:50:00","1899-12-30 10:23:00",100,,2,,16,,
-811640048,817883051,101,-1337255348,2,10,1,"1899-12-30 05:55:00","1899-12-30 09:25:00",85,"barnacle-dominated patch; foggy overcast & drizzle; relatively calm",4,,16,,
-324519426,817883051,101,-1915492515,2,10,1,"1899-12-30 05:25:00","1899-12-30 08:00:00",100,"barnacle patch; windy, intermittent rain, low swell but whitecaps.  1 Pisaster in patch",5,,16,,
2009555604,1411490751,101,375208282,2,10,1,"1899-12-30 05:30:00","1899-12-30 10:35:00",100,"overcast w/ intermittent rain",10,,17,,
-2034692684,1411583839,101,180152088,2,10,1,"1899-12-30 07:30:00","1899-12-30 08:30:00",100,"overcast, light rain, medium swell",1,,17,,
1411667050,1411583839,101,-999690029,2,10,1,"1899-12-30 08:35:00","1899-12-30 11:38:00",100,"overcast, medium swell",9,,17,,
-1001895293,1418671493,100,22,2,10,1,"1899-12-30 05:50:00","1899-12-30 06:00:00",100,,11,,17,,
-1491065627,1418671493,100,23,2,10,1,"1899-12-30 06:00:00","1899-12-30 07:30:00",100,,12,,17,,
-124977564,1418671493,100,24,2,10,1,"1899-12-30 07:30:00","1899-12-30 07:38:00",100,,13,,17,,
-1634482455,1418671493,100,25,2,10,1,"1899-12-30 07:38:00","1899-12-30 07:41:00",100,,14,,17,,
1086592020,1418671493,100,27,2,10,1,"1899-12-30 07:41:00","1899-12-30 07:44:00",100,,15,,17,,
1620371554,1418671493,100,26,2,10,1,"1899-12-30 07:44:00","1899-12-30 07:58:00",100,,16,,17,,
-497290291,1418671493,100,28,2,10,1,"1899-12-30 07:58:00","1899-12-30 08:05:00",100,,17,,17,,
763642561,-1786682535,100,22,2,10,1,"1899-12-30 05:06:00","1899-12-30 05:43:00",20,"most mussels gone again, leaving large Bg re-exposed. Starting to recognize young Mytilus californianus in plots",215,,17,,
1444356153,-1786682535,100,24,2,10,1,"1899-12-30 06:12:00","1899-12-30 07:00:00",25,"8+14+14+12+3+37+38+17+14 unassociated eggs",216,,17,,
-580263712,-1786682535,100,23,2,10,1,"1899-12-30 07:04:00","1899-12-30 07:26:00",5,"21+6 unassociated No eggs, 36+35 unassociated Nc eggs",217,,17,,
-702430976,-1786682535,100,25,2,10,1,"1899-12-30 07:27:00","1899-12-30 07:53:00",100,,218,,17,,
-878318088,-1786682535,100,27,2,10,1,"1899-12-30 07:54:00","1899-12-30 08:16:00",100,,219,,17,,
-1583097490,-1786682535,100,30,2,10,1,"1899-12-30 08:18:00","1899-12-30 08:28:00",100,,220,,17,,
1914097709,225850791,100,37,2,10,1,"1899-12-30 06:51:00","1899-12-30 07:30:00",90,"13+18+8+14 unassociated No eggs",221,,17,,
372335969,225850791,100,31,2,10,1,"1899-12-30 07:31:00","1899-12-30 08:09:00",20,"37 unassociated No eggs",222,,17,,
1472612998,225850791,100,33,2,10,1,"1899-12-30 08:10:00","1899-12-30 08:37:00",100,,223,,17,,
1003437040,225850791,100,34,2,10,1,"1899-12-30 08:41:00","1899-12-30 09:16:00",75,,224,,17,,
1902141305,-916570024,100,38,2,10,1,"1899-12-30 05:40:00","1899-12-30 06:08:00",100,,225,,17,,
-1460210915,-916570024,100,39,2,10,1,"1899-12-30 05:09:00","1899-12-30 07:17:00",80,"29 unassociated No eggs",226,,17,,
1168070382,-916570024,100,36,2,10,1,"1899-12-30 07:19:00","1899-12-30 08:08:00",25,"38+8 unassociated No eggs",227,,17,,
-586357757,-916570024,100,29,2,10,1,"1899-12-30 08:15:00","1899-12-30 09:00:00",25,"6 unassociated eggs",228,,17,,
1304912713,-916570024,100,28,2,10,1,"1899-12-30 09:02:00","1899-12-30 10:09:00",40,"14+7+8+9 unassociated No eggs",229,,17,,
-2095942308,716130605,100,32,2,10,1,"1899-12-30 06:00:00","1899-12-30 07:19:00",100,,230,,17,,
420542491,716130605,100,35,2,10,1,"1899-12-30 07:24:00","1899-12-30 08:40:00",60,"10 unassociated No eggs",231,,17,,
1493530847,716130605,100,22,2,10,1,"1899-12-30 08:45:00","1899-12-30 09:13:00",20,"additional observations",232,,17,,
184710342,-136811825,100,25,2,10,1,"1899-12-30 03:03:00","1899-12-30 03:20:00",100,,233,,17,,
-95740455,-136811825,100,30,2,10,1,"1899-12-30 03:20:00","1899-12-30 03:26:00",100,,234,,17,,
-864728048,-136811825,100,33,2,10,1,"1899-12-30 03:26:00","1899-12-30 03:42:00",100,,235,,17,,
-1773574366,-136811825,100,27,2,10,1,"1899-12-30 03:43:00","1899-12-30 03:58:00",100,,236,,17,,
2047736193,-136811825,100,22,2,10,1,"1899-12-30 04:48:00","1899-12-30 05:38:00",25,,237,,17,,
-1055936404,-136811825,100,23,2,10,1,"1899-12-30 05:40:00","1899-12-30 06:06:00",20,,238,,17,,
-1657810169,-136811825,100,24,2,10,1,"1899-12-30 06:07:00","1899-12-30 06:58:00",50,,239,,17,,
1068160027,-136811825,100,26,2,10,1,"1899-12-30 07:12:00","1899-12-30 07:58:00",50,,240,,17,,
-887733079,1441310792,100,27,2,10,1,"1899-12-30 04:37:00","1899-12-30 05:29:00",45,,382,,0,,
-1493693539,-2066692649,100,27,2,10,1,"1899-12-30 17:10:00","1899-12-30 17:15:00",100,,69,,17,,
-546066669,-2066692649,100,26,2,10,1,"1899-12-30 17:15:00","1899-12-30 17:24:00",100,,70,,17,,
-75128189,-2066692649,100,28,2,10,1,"1899-12-30 17:25:00","1899-12-30 17:30:00",100,,71,,17,,
861403241,-2066692649,100,29,2,10,1,"1899-12-30 17:30:00","1899-12-30 17:42:00",100,,72,,17,,
-371051175,-2066692649,100,30,2,10,1,"1899-12-30 17:43:00","1899-12-30 17:58:00",100,,73,,17,,
1020876843,-2066692649,100,31,2,10,1,"1899-12-30 18:02:00","1899-12-30 18:20:00",100,,74,,17,,
706265250,-2066692649,100,32,2,10,1,"1899-12-30 18:20:00","1899-12-30 18:26:00",100,,75,,17,,
14946081,-2066692649,100,33,2,10,1,"1899-12-30 18:26:00","1899-12-30 18:38:00",100,,76,,17,,
-891223261,-2066692649,100,34,2,10,1,"1899-12-30 18:38:00","1899-12-30 19:03:00",100,,77,,17,,
886189817,-2066692649,100,35,2,10,1,"1899-12-30 19:04:00","1899-12-30 19:08:00",100,,78,,17,,
-785462864,-2066692649,100,36,2,10,1,"1899-12-30 19:08:00","1899-12-30 19:15:00",100,,79,,17,,
-59609843,-2066692649,100,37,2,10,1,"1899-12-30 19:15:00","1899-12-30 19:20:00",100,,80,,17,,
-1493389821,-2066692649,100,38,2,10,1,"1899-12-30 19:20:00","1899-12-30 19:30:00",100,,81,,17,,
-1266131144,-2066692649,100,39,2,10,1,"1899-12-30 19:30:00","1899-12-30 19:41:00",100,,82,,17,,
-777788129,1822616677,100,25,2,10,1,"1899-12-30 16:10:00","1899-12-30 16:17:00",100,,83,,17,,
-1565587750,1822616677,100,27,2,10,1,"1899-12-30 16:18:00","1899-12-30 16:22:00",100,,84,,17,,
-1011787079,1822616677,100,26,2,10,1,"1899-12-30 16:22:00","1899-12-30 16:29:00",100,,85,,17,,
-2076978064,1822616677,100,22,2,10,1,"1899-12-30 16:30:00","1899-12-30 16:35:00",100,,86,,17,,
-1769172962,1822616677,100,23,2,10,1,"1899-12-30 16:36:00","1899-12-30 16:52:00",100,,87,,17,,
1119831208,1822616677,100,24,2,10,1,"1899-12-30 16:52:00","1899-12-30 17:02:00",100,,88,,17,,
-1054137512,1822616677,100,28,2,10,1,"1899-12-30 17:03:00","1899-12-30 17:12:00",100,,89,,17,,
1241929950,1822616677,100,30,2,10,1,"1899-12-30 17:12:00","1899-12-30 17:19:00",100,"Nc 12 eaten by oystercatcher",90,,17,,
-867768471,1822616677,100,29,2,10,1,"1899-12-30 17:26:00","1899-12-30 17:36:00",100,,91,,17,,
2093852207,1822616677,100,33,2,10,1,"1899-12-30 17:39:00","1899-12-30 17:54:00",100,,92,,17,,
-2036670050,1822616677,100,32,2,10,1,"1899-12-30 17:55:00","1899-12-30 18:00:00",100,,93,,17,,
-375367798,1822616677,100,31,2,10,1,"1899-12-30 18:00:00","1899-12-30 18:16:00",100,,94,,17,,
352112526,1441310792,100,22,2,10,1,"1899-12-30 05:30:00","1899-12-30 06:16:00",50,,383,,0,,
859386346,1441310792,100,23,2,10,1,"1899-12-30 06:17:00","1899-12-30 06:52:00",40,"7+2 unassociated Nc eggs",384,,0,,
823711672,1441310792,100,24,2,10,1,"1899-12-30 06:53:00","1899-12-30 07:29:00",30,"7+6+10 unassociated No eggs",385,,0,,
995232498,1441310792,100,26,2,10,1,"1899-12-30 07:34:00","1899-12-30 08:19:00",70,"Leptasterias 15 on No 12",386,,0,,
-222830133,1441310792,100,29,2,10,1,"1899-12-30 08:21:00","1899-12-30 09:16:00",35,"3+6+8+6+6+15+10 unassociated eggs",387,,0,,
-1712772068,1441310792,100,33,2,10,1,"1899-12-30 09:18:00","1899-12-30 09:44:00",30,,388,,0,,
1912821305,212863512,100,38,2,10,1,"1899-12-30 05:09:00","1899-12-30 05:54:00",60,,389,,0,,
-1725851018,212863512,100,39,2,10,1,"1899-12-30 05:57:00","1899-12-30 06:52:00",25,"5+1 unassociated eggs",390,,0,,
1528667966,212863512,100,37,2,10,1,"1899-12-30 06:55:00","1899-12-30 07:32:00",25,"8+9+4 unassociated eggs",391,,0,,
2019857370,212863512,100,36,2,10,1,"1899-12-30 07:35:00","1899-12-30 08:27:00",30,"10+6+3 unassociated eggs",392,,0,,
1234931797,212863512,100,28,2,10,1,"1899-12-30 08:37:00","1899-12-30 09:30:00",30,"10+7+15 unassociated eggs",393,,0,,
-701056579,212863512,100,30,2,10,1,"1899-12-30 09:31:00","1899-12-30 10:28:00",50,,394,,0,,
-1041924533,1144922034,100,25,2,10,1,"1899-12-30 06:42:00","1899-12-30 07:44:00",50,"12 unassociated eggs",395,,0,,
257614302,1144922034,100,32,2,10,1,"1899-12-30 07:48:00","1899-12-30 08:49:00",20,"6+6+9+8+7+8+8+9+7+8 unassocited eggs",396,,0,,
-1441166868,1144922034,100,31,2,10,1,"1899-12-30 09:02:00","1899-12-30 10:00:00",50,"New natural patch next to AD (~3.5x2m) down to byssus threads, and almost no Semibalanus left.",397,,0,,
-1488902904,1144922034,100,35,2,10,1,"1899-12-30 10:05:00","1899-12-30 10:54:00",30,,398,,0,,
-1955678402,1144922034,100,34,2,10,1,"1899-12-30 10:56:00","1899-12-30 11:56:00",20,"9 unassociated eggs",399,,0,,
872088974,1444845793,100,24,2,10,1,"1899-12-30 04:22:00","1899-12-30 05:11:00",40,,400,,0,,
-1596540105,1444845793,100,22,2,10,1,"1899-12-30 05:12:00","1899-12-30 05:59:00",60,,401,,0,,
-487708217,1444845793,100,23,2,10,1,"1899-12-30 06:03:00","1899-12-30 06:38:00",50,"11 unassociated eggs",402,,0,,
-1676671536,1444845793,100,26,2,10,1,"1899-12-30 06:42:00","1899-12-30 07:43:00",100,"3 unassociated eggs",403,,0,,
-1387498351,1444845793,100,28,2,10,1,"1899-12-30 07:54:00","1899-12-30 08:50:00",25,"8 unassociated eggs",404,,0,,
283847882,68443011,100,30,2,10,1,"1899-12-30 04:21:00","1899-12-30 05:19:00",30,,405,,0,,
2109476069,68443011,100,29,2,10,1,"1899-12-30 05:20:00","1899-12-30 06:22:00",50,"3+7 unassociated eggs",406,,0,,
715230163,68443011,100,31,2,10,1,"1899-12-30 06:27:00","1899-12-30 07:13:00",35,"12 unassociated eggs",407,,0,,
-1833105520,1444845793,100,32,2,10,1,"1899-12-30 07:20:00","1899-12-30 08:27:00",30,"9+14+7+4+13+9+7+10+7+7+70+12 unassociated eggs",409,,0,,
1858204471,68443011,100,34,2,10,1,"1899-12-30 08:37:00","1899-12-30 09:41:00",50,"7+5+2+11+10+4 unassociated eggs",410,,0,,
-1234748679,840514008,100,39,2,10,1,"1899-12-30 05:03:00","1899-12-30 06:18:00",50,"6+30+8+5+8 unassociated eggs",411,,0,,
1470824270,840514008,100,38,2,10,1,"1899-12-30 06:19:00","1899-12-30 07:28:00",70,"15+2 unassociated eggs",412,,0,,
-1892620264,840514008,100,36,2,10,1,"1899-12-30 07:46:00","1899-12-30 08:43:00",25,"7+7+7 unassociated eggs",413,,0,,
108344062,840514008,100,37,2,10,1,"1899-12-30 08:46:00","1899-12-30 09:35:00",35,"8+6+7+7+3+6+10+9 unassociated eggs",414,,0,,
-394598425,840514008,100,35,2,10,1,"1899-12-30 09:36:00","1899-12-30 10:23:00",,"8 unassociated eggs",415,,0,,
945096406,-1744604087,100,27,2,10,1,"1899-12-30 05:43:00","1899-12-30 06:45:00",65,"39+10+10 unassociated eggs",416,,0,,
1451755680,-1744604087,100,25,2,10,1,"1899-12-30 06:49:00","1899-12-30 07:49:00",40,"8 unassociated eggs",417,,0,,
-835072694,-1744604087,100,33,2,10,1,"1899-12-30 07:57:00","1899-12-30 09:04:00",80,"1 unassociated egg",418,,0,,
-1151788029,1445445450,100,27,2,10,1,"1899-12-30 03:00:00","1899-12-30 03:53:00",60,"6 unassociated eggs",419,,0,,
1122586364,1445445450,100,25,2,10,1,"1899-12-30 03:54:00","1899-12-30 05:08:00",50,"9+7 unassociated eggs",420,,0,,
-56931837,1445445450,100,22,2,10,1,"1899-12-30 05:15:00","1899-12-30 06:13:00",60,,421,,0,,
633458067,1445445450,100,28,2,10,1,"1899-12-30 06:17:00","1899-12-30 07:23:00",30,"lots of sand",422,,0,,
-456389712,1445445450,100,33,2,10,1,"1899-12-30 07:25:00","1899-12-30 08:10:00",,,423,,0,,
334900280,1445445450,100,23,2,1410565351,1,"1899-12-30 06:38:00","1899-12-30 07:10:00",,,424,,0,,
415923960,1445445450,100,36,2,1410565351,1,"1899-12-30 07:15:00","1899-12-30 07:50:00",,,425,,0,,
794648699,-2084202334,100,30,2,10,1,"1899-12-30 03:09:00","1899-12-30 04:17:00",60,,426,,0,,
-633852226,-2084202334,100,29,2,10,1,"1899-12-30 04:21:00","1899-12-30 05:30:00",40,,427,,0,,
-447408602,-2084202334,100,26,2,10,1,"1899-12-30 05:38:00","1899-12-30 06:31:00",40,,428,,0,,
1607939105,-2084202334,100,24,2,10,1,"1899-12-30 06:34:00","1899-12-30 07:28:00",50,,429,,0,,
-446795939,-2084202334,100,35,2,10,1,"1899-12-30 07:37:00","1899-12-30 08:24:00",100,"5+8+5 unassociated eggs",430,,0,,
542009206,-48866455,100,32,2,10,1,"1899-12-30 05:18:00","1899-12-30 06:30:00",30,,431,,0,,
-935285718,-48866455,100,31,2,10,1,"1899-12-30 06:33:00","1899-12-30 07:30:00",50,"layer of sand",432,,0,,
-370872296,-48866455,100,34,2,10,1,"1899-12-30 07:35:00","1899-12-30 08:23:00",60,,433,,0,,
758705381,-48866455,100,23,2,10,1,"1899-12-30 08:40:00","1899-12-30 09:30:00",80,,434,,0,,
-99647780,-48866455,100,36,2,10,1,"1899-12-30 09:32:00","1899-12-30 10:18:00",100,"7 unassociated eggs",435,,0,,
1642370467,-1474968726,100,38,2,10,1,"1899-12-30 06:00:00","1899-12-30 07:13:00",75,"9+15+4 unassociated eggs",436,,0,,
1331394595,-1474968726,100,39,2,10,1,"1899-12-30 07:14:00","1899-12-30 08:04:00",45,,437,,0,,
-1027443183,-1474968726,100,37,2,10,1,"1899-12-30 08:13:00","1899-12-30 09:25:00",100,,438,,0,,
-745769301,-2109077705,101,-431229792,2,10,1,"1899-12-30 05:55:00","1899-12-30 07:06:00",30,,439,,0,,
-767803760,-2109077705,101,-1333542459,2,10,1,"1899-12-30 07:10:00","1899-12-30 08:20:00",70,"adding to Shannon's observations (mostly in low-density area of patch)",440,,0,,
578261128,1681829548,101,1782601326,2,10,1,"1899-12-30 07:22:00","1899-12-30 08:18:00",100,"7+29 unassociated eggs",441,,0,,
811667672,-1286241928,101,-431229792,2,10,1,"1899-12-30 04:35:00","1899-12-30 05:10:00",100,,442,,0,,
-148558995,-1286241928,101,-1333542459,2,10,1,"1899-12-30 05:11:00","1899-12-30 06:26:00",25,,443,,0,,
1115978530,-1286241928,101,1950478715,2,10,1,"1899-12-30 06:52:00","1899-12-30 08:24:00",100,"down to pool. 17+6+6+7+9+6+14+18+10+21+8+6+7+9+15+9 unassociated eggs",444,,0,,
1193497612,1161497028,101,1782601326,2,10,1,"1899-12-30 05:12:00","1899-12-30 05:49:00",5,,445,,0,,
-2019190626,1161497028,101,1950478715,2,10,1,"1899-12-30 06:07:00","1899-12-30 06:38:00",100,,446,,0,,
-1891939724,1161497028,101,1782601326,2,10,1,"1899-12-30 06:44:00","1899-12-30 07:08:00",5,"continuation of patch survey",447,,0,,
-2120252230,1161497028,101,-1054752735,2,10,1,"1899-12-30 08:53:00","1899-12-30 09:25:00",20,,448,,0,,
350326157,1161497028,101,-1337255348,2,10,1,"1899-12-30 09:35:00","1899-12-30 09:49:00",20,,449,,0,,
733774239,924869818,101,-1915492515,2,10,1,"1899-12-30 06:57:00","1899-12-30 08:05:00",100,,450,,0,,
928066088,924869818,101,-1337255348,2,10,1,"1899-12-30 08:05:00","1899-12-30 09:01:00",100,"16 unassociated eggs",451,,0,,
716507198,924869818,101,-1054752735,2,10,1,"1899-12-30 09:11:00","1899-12-30 10:07:00",70,"14+8+7+3+7 unassociated eggs",452,,0,,
-156639823,-1337393634,100,25,2,10,1,"1899-12-30 03:53:00","1899-12-30 04:00:00",100,,453,,0,,
-491890181,-1337393634,100,23,2,10,1,"1899-12-30 04:00:00","1899-12-30 04:47:00",50,"11 unassociated eggs",454,,0,,
1088596262,-1337393634,100,22,2,10,1,"1899-12-30 04:48:00","1899-12-30 05:25:00",80,,455,,0,,
1304310946,-1337393634,100,24,2,10,1,"1899-12-30 05:25:00","1899-12-30 06:12:00",100,,456,,0,,
752170870,-1337393634,100,26,2,10,1,"1899-12-30 06:20:00","1899-12-30 07:16:00",100,,457,,0,,
1383025413,-1337393634,100,27,2,10,1,"1899-12-30 07:16:00","1899-12-30 07:23:00",100,"2 unassociated eggs",458,,0,,
2032408409,-1337393634,100,30,2,10,1,"1899-12-30 07:24:00","1899-12-30 07:31:00",100,,459,,0,,
-550777790,-1337393634,100,29,2,10,1,"1899-12-30 07:33:00","1899-12-30 08:09:00",100,,460,,0,,
1280281118,-1337393634,100,39,2,10,1,"1899-12-30 08:10:00","1899-12-30 08:22:00",100,,461,,0,,
-1877268441,-1337393634,100,38,2,10,1,"1899-12-30 08:23:00","1899-12-30 08:30:00",100,,462,,0,,
486261323,-1337393634,100,35,2,10,1,"1899-12-30 08:30:00","1899-12-30 08:34:00",100,,463,,0,,
-751798264,-1337393634,100,28,2,10,1,"1899-12-30 08:34:00","1899-12-30 08:43:00",100,,464,,0,,
-1229283867,1094426441,100,24,2,10,1,"1899-12-30 17:53:00","1899-12-30 18:08:00",100,,465,,0,,
-265901021,1094426441,100,26,2,10,1,"1899-12-30 18:09:00","1899-12-30 18:20:00",100,,466,,0,,
1111265083,1094426441,100,22,2,10,1,"1899-12-30 18:27:00","1899-12-30 18:36:00",100,"New patch just above Patch 1 (1m x 1.5m): only few Semibalanus remaining, otherwise just byssus threads, diatoms and Bg recruits",467,,0,,
812588575,1094426441,100,23,2,10,1,"1899-12-30 18:39:00","1899-12-30 19:00:00",95,,468,,0,,
138652541,1094426441,100,25,2,10,1,"1899-12-30 19:00:00","1899-12-30 19:05:00",100,,469,,0,,
897987908,1094426441,100,26,2,10,1,"1899-12-30 19:08:00","1899-12-30 19:19:00",100,"repeat survey??? New patch N of patch E (1.5m x 0.5 m): byssus threads and Bg recruits",470,,0,,
792627267,1094426441,100,27,2,10,1,"1899-12-30 19:20:00","1899-12-30 19:23:00",100,"New patch N of patch F (1m x 1m): byssus threads and Bg recruits",471,,0,,
11262591,1094426441,100,28,2,10,1,"1899-12-30 19:25:00","1899-12-30 19:32:00",100,,472,,0,,
-2095444872,1094426441,100,29,2,10,1,"1899-12-30 19:33:00","1899-12-30 19:43:00",100,,473,,0,,
1736787200,1094426441,100,30,2,10,1,"1899-12-30 19:44:00","1899-12-30 19:47:00",100,,474,,0,,
611072868,1094426441,100,31,2,10,1,"1899-12-30 19:55:00","1899-12-30 20:03:00",100,,475,,0,,
599623816,1094426441,100,32,2,10,1,"1899-12-30 20:03:00","1899-12-30 20:08:00",100,,476,,0,,
603031099,1094426441,100,34,2,10,1,"1899-12-30 20:09:00","1899-12-30 20:17:00",100,,477,,0,,
-1588460307,1094426441,100,33,2,10,1,"1899-12-30 20:17:00","1899-12-30 20:30:00",100,,478,,0,,
-127785989,1094426441,100,35,2,10,1,"1899-12-30 20:31:00","1899-12-30 20:36:00",100,,479,,0,,
1158234190,1094426441,100,36,2,10,1,"1899-12-30 20:37:00","1899-12-30 20:42:00",100,,480,,0,,
-1426620102,1094426441,100,37,2,10,1,"1899-12-30 20:43:00","1899-12-30 20:51:00",100,,481,,0,,
-909813630,1094426441,100,38,2,10,1,"1899-12-30 20:52:00","1899-12-30 20:56:00",100,,482,,0,,
-1884174697,1094426441,100,39,2,10,1,"1899-12-30 20:56:00","1899-12-30 21:04:00",100,,483,,0,,
1445888364,-1337393634,100,37,2,1410565351,1,"1899-12-30 07:00:00","1899-12-30 08:00:00",95,,484,,0,,
752695137,-1337393634,100,36,2,1410565351,1,"1899-12-30 08:00:00","1899-12-30 09:00:00",100,,485,,0,,
1515829900,1161497028,101,-1915492515,2,1194558598,1,"1899-12-30 08:30:00","1899-12-30 10:00:00",100,"End time made up.",499,,0,,
-363013072,1161497028,101,1782601326,2,1194558598,1,"1899-12-30 05:09:00","1899-12-30 07:00:00",10,"End Time made up.",498,,0,,
1440176522,-1286241928,101,1438713684,2,1194558598,1,"1899-12-30 04:30:00","1899-12-30 06:30:00",60,"End Time made up.",497,,0,,
1439928188,-2109077705,101,1438713684,2,1194558598,1,"1899-12-30 06:00:00","1899-12-30 08:20:00",45,,496,,0,,
683456744,-1286241928,101,1438713684,2,1400782898,1,"1899-12-30 04:30:00","1899-12-30 05:50:00",40,,495,,0,,
1758075060,1681829548,101,-1082126942,2,1400782898,1,"1899-12-30 07:15:00","1899-12-30 08:00:00",50,"Start and end time not originally recorded, those entered are estimates/guesses",494,,0,,
1440109050,1681829548,101,-1082126942,2,1400782898,1,"1899-12-30 08:00:00","1899-12-30 08:30:00",50,"Time start and end are guesses",493,,0,,
1026571258,1161497028,101,-1337255348,2,1582928409,1,"1899-12-30 08:00:00","1899-12-30 09:30:00",80,"estimated time period",492,,0,,
1297343498,1161497028,101,-1082126942,2,1582928409,1,"1899-12-30 06:00:00","1899-12-30 06:30:00",100,"estimated start time",491,,0,,
-1760629757,1161497028,101,1782601326,2,1582928409,1,"1899-12-30 06:45:00","1899-12-30 07:30:00",5,"estimated end time, previous feeding survey continued after post-manipulation survey at SH2",490,,0,,
-1868383420,1161497028,101,1782601326,2,1582928409,1,"1899-12-30 05:00:00","1899-12-30 06:00:00",8,"estimated end time",489,,0,,
-288891990,-1286241928,101,-1333542459,2,1582928409,1,"1899-12-30 04:30:00","1899-12-30 06:45:00",25,,488,,0,,
1039154497,1681829548,101,-1082126942,2,1582928409,1,"1899-12-30 07:30:00","1899-12-30 08:30:00",100,"estimated end time",487,,0,,
1439318960,-2109077705,101,-1333542459,2,1582928409,1,"1899-12-30 06:00:00","1899-12-30 08:20:00",30,,486,,0,,
1445977512,-1337393634,100,31,2,1400782898,1,"1899-12-30 06:20:00","1899-12-30 07:44:00",100,,500,,0,,
-2123630879,-1337393634,100,32,2,1400782898,1,"1899-12-30 07:45:00","1899-12-30 08:01:00",100,,501,,0,,
-592215104,-1337393634,100,33,2,1400782898,1,"1899-12-30 08:03:00","1899-12-30 08:12:00",100,,502,,0,,
1456002078,-1337393634,100,34,2,1400782898,1,"1899-12-30 08:20:00","1899-12-30 08:46:00",100,,503,,0,,
670260945,1446145040,100,28,2,10,1,"1899-12-30 17:45:00","1899-12-30 17:55:00",100,"The natural patch N of F has increased considerably in size, down to Patches E and G (2.5 x 2.5 m)",504,,0,,
298249573,1446145040,100,29,2,10,1,"1899-12-30 17:56:00","1899-12-30 18:06:00",100,,505,,0,,
-1890514576,1446145040,100,26,2,10,1,"1899-12-30 18:06:00","1899-12-30 18:15:00",100,,506,,0,,
2122878522,1446145040,100,27,2,10,1,"1899-12-30 18:15:00","1899-12-30 18:20:00",100,,507,,0,,
-1321792145,1446145040,100,25,2,10,1,"1899-12-30 18:20:00","1899-12-30 18:25:00",100,,508,,0,,
-1701737163,1446145040,100,24,2,10,1,"1899-12-30 18:25:00","1899-12-30 18:44:00",100,,509,,0,,
1446146082,1446145040,100,23,2,10,1,"1899-12-30 18:45:00","1899-12-30 19:02:00",100,,510,,0,,
1360595004,1446145040,100,22,2,10,1,"1899-12-30 19:03:00","1899-12-30 19:20:00",100,,511,,0,,
-183190108,1446145040,100,30,2,10,1,"1899-12-30 19:22:00","1899-12-30 19:26:00",100,"New natural patch next to AC (1.25 x 0.5 m)",512,,0,,
-1986401166,1446145040,100,33,2,10,1,"1899-12-30 19:26:00","1899-12-30 19:34:00",100,,513,,0,,
-1641164640,1446145040,100,31,2,10,1,"1899-12-30 19:37:00","1899-12-30 19:52:00",100,,514,,0,,
2003916181,1446145040,100,32,2,10,1,"1899-12-30 19:53:00","1899-12-30 20:01:00",100,,515,,0,,
-1868090860,1446145040,100,37,2,10,1,"1899-12-30 20:03:00","1899-12-30 20:10:00",100,,516,,0,,
945528974,1446145040,100,36,2,10,1,"1899-12-30 20:10:00","1899-12-30 20:14:00",100,,517,,0,,
-1893568456,1446145040,100,34,2,10,1,"1899-12-30 20:17:00","1899-12-30 20:25:00",100,,518,,0,,
139342183,1446145040,100,35,2,10,1,"1899-12-30 20:25:00","1899-12-30 20:31:00",100,,519,,0,,
1052928543,1446145040,100,38,2,10,1,"1899-12-30 20:32:00","1899-12-30 20:35:00",100,,520,,0,,
-1155239397,1446145040,100,39,2,10,1,"1899-12-30 20:35:00","1899-12-30 20:42:00",100,,521,,0,,
-1742692848,1448810155,100,30,2,10,1,"1899-12-30 15:09:00","1899-12-30 15:12:00",100,"no whelks",522,,0,,
1069426897,1448810155,100,27,2,10,1,"1899-12-30 15:12:00","1899-12-30 15:20:00",100,,523,,0,,
-281452697,1448810155,100,27,2,10,1,"1899-12-30 15:16:00","1899-12-30 15:20:00",100,"no whelks",524,,0,,
-1349759204,1448810155,100,33,2,10,1,"1899-12-30 15:21:00","1899-12-30 15:25:00",100,,525,,0,,
-480684001,1448810155,100,34,2,10,1,"1899-12-30 15:25:00","1899-12-30 15:29:00",100,,526,,0,,
-2139733989,1448810155,100,35,2,10,1,"1899-12-30 15:30:00","1899-12-30 15:33:00",100,"no whelks",527,,0,,
-1843296576,1448810155,100,32,2,10,1,"1899-12-30 15:34:00","1899-12-30 15:39:00",100,,528,,0,,
889365196,1448810155,100,31,2,10,1,"1899-12-30 15:40:00","1899-12-30 15:50:00",100,,529,,0,,
-793862902,1448810155,100,39,2,10,1,"1899-12-30 15:52:00","1899-12-30 15:57:00",100,,530,,0,,
-1516895818,1448810155,100,38,2,10,1,"1899-12-30 15:58:00","1899-12-30 16:00:00",100,,531,,0,,
2023504709,1448810155,100,36,2,10,1,"1899-12-30 16:00:00","1899-12-30 16:04:00",100,,532,,0,,
-733673733,1448810155,100,28,2,10,1,"1899-12-30 16:09:00","1899-12-30 16:16:00",100,,533,,0,,
-15980570,1448810155,100,26,2,10,1,"1899-12-30 16:19:00","1899-12-30 16:27:00",100,,534,,0,,
-1389077634,1448810155,100,24,2,10,1,"1899-12-30 16:28:00","1899-12-30 16:37:00",100,,535,,0,,
395830145,1448810155,100,22,2,10,1,"1899-12-30 16:38:00","1899-12-30 16:48:00",100,,536,,0,,
-494502781,1448810155,100,29,2,10,1,"1899-12-30 16:49:00","1899-12-30 16:59:00",100,,537,,0,,
1259484048,1448810155,100,37,2,10,1,"1899-12-30 17:01:00","1899-12-30 17:07:00",100,,538,,0,,
-1007797092,1448810155,100,23,2,10,1,"1899-12-30 17:08:00","1899-12-30 17:20:00",100,,539,,0,,
1454476745,131629654,100,30,2,10,1,"1899-12-30 15:08:00","1899-12-30 15:11:00",100,,540,,0,,
1717307328,131629654,100,33,2,10,1,"1899-12-30 15:14:00","1899-12-30 15:20:00",100,,541,,0,,
-799740198,131629654,100,27,2,10,1,"1899-12-30 15:22:00","1899-12-30 15:24:00",100,,542,,0,,
-1323198312,131629654,100,28,2,10,1,"1899-12-30 15:25:00","1899-12-30 15:31:00",100,,543,,0,,
1595886219,131629654,100,35,2,10,1,"1899-12-30 15:32:00","1899-12-30 15:35:00",100,,544,,0,,
1439760305,131629654,100,36,2,10,1,"1899-12-30 15:36:00","1899-12-30 15:38:00",100,"No whelks",545,,0,,
313915422,131629654,100,38,2,10,1,"1899-12-30 15:38:00","1899-12-30 15:41:00",100,"No whelks",546,,0,,
-1201172153,131629654,100,39,2,10,1,"1899-12-30 15:41:00","1899-12-30 15:44:00",100,"No whelks",547,,0,,
-1518709892,131629654,100,34,2,10,1,"1899-12-30 15:46:00","1899-12-30 15:53:00",100,,548,,0,,
-1380215895,131629654,100,32,2,10,1,"1899-12-30 15:53:00","1899-12-30 15:58:00",100,,549,,0,,
-1332822752,131629654,100,31,2,10,1,"1899-12-30 16:00:00","1899-12-30 16:24:00",100,"Two new patches, one above AD: ~1x5m and one south of AD: ~3mx3m.  Only byssus threads and Semibalanus left.",550,,0,,
-748805257,131629654,100,25,2,10,1,"1899-12-30 16:28:00","1899-12-30 16:31:00",100,,551,,0,,
-1428082445,131629654,100,26,2,10,1,"1899-12-30 16:31:00","1899-12-30 16:39:00",100,,552,,0,,
-1665851237,131629654,100,24,2,10,1,"1899-12-30 16:40:00","1899-12-30 16:51:00",100,,553,,0,,
-540764412,131629654,100,29,2,10,1,"1899-12-30 16:52:00","1899-12-30 16:59:00",100,,554,,0,,
892698831,131629654,100,22,2,10,1,"1899-12-30 17:02:00","1899-12-30 17:12:00",100,,555,,0,,
94786104,131629654,100,23,2,10,1,"1899-12-30 17:13:00","1899-12-30 17:20:00",60,"getting splashed by waves",556,,0,,
1531304919,131629654,100,37,2,10,1,"1899-12-30 17:22:00","1899-12-30 17:24:00",100,,557,,0,,
-1747223342,1455037365,100,30,2,10,1,"1899-12-30 16:32:00","1899-12-30 16:34:00",100,,558,,0,,
-690243760,1455037365,100,33,2,10,1,"1899-12-30 16:34:00","1899-12-30 16:43:00",100,,559,,0,,
1526019354,1455037365,100,34,2,10,1,"1899-12-30 16:43:00","1899-12-30 16:50:00",100,,560,,0,,
1989989668,1424971214,100,32,2,10,1,"1899-12-30 09:48:00","1899-12-30 10:12:00",100,,166,,17,,
-297263962,1424971214,100,35,2,10,1,"1899-12-30 10:16:00","1899-12-30 10:34:00",100,,167,,17,,
1132898820,1424971214,100,38,2,10,1,"1899-12-30 10:35:00","1899-12-30 10:48:00",100,,168,,17,,
261751533,-151817814,100,34,2,10,1,"1899-12-30 06:59:00","1899-12-30 07:43:00",100,"7 unasocciated eggs",169,,17,,
1428941981,-151817814,100,36,2,10,1,"1899-12-30 07:44:00","1899-12-30 08:21:00",100,,171,,17,,
-29454835,-151817814,100,39,2,10,1,"1899-12-30 08:22:00","1899-12-30 09:11:00",100,"11 eggs unassociated",172,,17,,
-1538922610,-151817814,100,24,2,10,1,"1899-12-30 09:21:00","1899-12-30 10:23:00",100,"12 + 36 Nc eggs unnassociated",173,,17,,
-1441114854,-151817814,100,23,2,1410565351,1,"1899-12-30 07:00:00","1899-12-30 10:23:00",35,"Start and end times guessed",174,,17,,
1434087336,-151817814,100,22,2,10,1,"1899-12-30 10:23:00","1899-12-30 10:45:00",80,"7 No eggs (unassociated)",175,,17,,
-749423964,-151817814,100,31,2,10,1,"1899-12-30 10:46:00","1899-12-30 11:08:00",30,"17 unassociated No eggs",176,,17,,
1467988583,-151817814,100,37,2,10,1,"1899-12-30 11:08:00","1899-12-30 11:15:00",90,,177,,17,,
691828809,1429900904,100,36,2,10,1,"1899-12-30 04:25:00","1899-12-30 05:12:00",60,"30 eggs",178,,17,,
-281910083,1429900904,100,39,2,10,1,"1899-12-30 05:14:00","1899-12-30 06:12:00",100,,179,,17,,
-1830930107,1429900904,100,38,2,10,1,"1899-12-30 06:13:00","1899-12-30 06:25:00",100,,180,,17,,
-1392189249,1429900904,100,22,2,10,1,"1899-12-30 06:27:00","1899-12-30 07:09:00",50,"3 + 43 unassociated eggs",181,,17,,
1806038117,1429900904,100,24,2,10,1,"1899-12-30 07:10:00","1899-12-30 08:00:00",50,"12+18 unassociated No eggs; 25 unassociated Nc eggs",182,,17,,
-593669173,1429900904,100,26,2,10,1,"1899-12-30 08:10:00","1899-12-30 08:52:00",50,"5+5+9 unassociated eggs",183,,17,,
964994773,1429900904,100,29,2,10,1,"1899-12-30 08:54:00","1899-12-30 09:41:00",100,,184,,17,,
184867828,1429900904,100,25,2,10,1,"1899-12-30 09:44:00","1899-12-30 09:58:00",100,,185,,17,,
726505658,1429900904,100,27,2,10,1,"1899-12-30 09:59:00","1899-12-30 10:15:00",100,,186,,17,,
1689651944,1339119075,100,30,2,10,1,"1899-12-30 05:42:00","1899-12-30 06:06:00",100,,187,,17,,
-378464504,1339119075,100,33,2,10,1,"1899-12-30 06:07:00","1899-12-30 07:02:00",100,,188,,17,,
-286539116,1339119075,100,28,2,10,1,"1899-12-30 07:04:00","1899-12-30 07:52:00",25,"7 unassociated eggs",189,,17,,
1311424807,1339119075,100,31,2,10,1,"1899-12-30 07:55:00","1899-12-30 08:50:00",30,"5 unassociated eggs",190,,17,,
382704978,1339119075,100,23,2,10,1,"1899-12-30 08:58:00","1899-12-30 09:30:00",25,"19+24 unassociated Nc eggs",191,,17,,
-292427252,1339119075,100,32,2,10,1,"1899-12-30 09:32:00","1899-12-30 10:10:00",50,"25 unassociated No eggs",192,,17,,
1689597060,1418671493,100,29,2,10,1,"1899-12-30 08:05:00","1899-12-30 09:00:00",100,,18,,17,,
1981345386,1418671493,100,30,2,10,1,"1899-12-30 09:00:00","1899-12-30 09:04:00",100,,19,,17,,
-1907763072,-75624831,100,33,2,10,1,"1899-12-30 05:45:00","1899-12-30 05:55:00",100,,20,,17,,
176469218,-75624831,100,31,2,10,1,"1899-12-30 05:56:00","1899-12-30 06:22:00",100,,21,,17,,
-1890234880,-75624831,100,32,2,10,1,"1899-12-30 06:22:00","1899-12-30 06:35:00",100,,22,,17,,
-404436619,-75624831,100,34,2,10,1,"1899-12-30 06:35:00","1899-12-30 06:55:00",100,,23,,17,,
1454222490,-75624831,100,35,2,10,1,"1899-12-30 06:55:00","1899-12-30 07:01:00",100,,24,,17,,
470480648,-75624831,100,36,2,10,1,"1899-12-30 07:02:00","1899-12-30 07:08:00",100,,25,,17,,
646306859,-75624831,100,37,2,10,1,"1899-12-30 07:09:00","1899-12-30 07:11:00",100,,26,,17,,
-1580438959,-75624831,100,38,2,10,1,"1899-12-30 07:11:00","1899-12-30 07:20:00",100,,27,,17,,
-1005733847,-75624831,100,39,2,10,1,"1899-12-30 07:20:00","1899-12-30 07:41:00",100,,28,,17,,
-1262519662,-580622219,100,25,2,10,1,"1899-12-30 03:05:00","1899-12-30 03:06:00",100,"No whelks; barnacle sheet",29,,17,,
407353259,-580622219,100,24,2,10,1,"1899-12-30 03:09:00","1899-12-30 03:15:00",100,"barnacle sheet w/ diatom-covered mussels threads, large abundant limpets; Nc in mussels on edge; abundant amphipods, small 2-5 mm mussels",30,,17,,
894511341,-580622219,100,26,2,10,1,"1899-12-30 03:16:00","1899-12-30 03:26:00",100,"whelks around edges; barnacle sheet",31,,17,,
-787691633,-580622219,100,23,2,10,1,"1899-12-30 03:27:00","1899-12-30 04:55:00",100,"+40 Nc in crack; good 2-5mm mussel recruitment",32,,17,,
-1642045165,-580622219,100,22,2,10,1,"1899-12-30 04:45:00","1899-12-30 04:49:00",100,"barnacle sheet",33,,17,,
-1813059612,-580622219,100,27,2,10,1,"1899-12-30 04:56:00","1899-12-30 05:01:00",100,"barnacle sheet w/ diatoms",34,,17,,
-2042737039,-580622219,100,28,2,10,1,"1899-12-30 05:13:00","1899-12-30 05:18:00",100,,35,,17,,
1696926984,-580622219,100,29,2,10,1,"1899-12-30 05:21:00","1899-12-30 05:41:00",100,"barnacle sheet w/ diatoms",36,,17,,
2030509749,-580622219,100,30,2,10,1,"1899-12-30 05:42:00","1899-12-30 05:44:00",100,,37,,17,,
1543133163,-580622219,100,32,2,10,1,"1899-12-30 05:45:00","1899-12-30 05:50:00",100,"barnacle sheet w/ algae",38,,17,,
-1897656086,-580622219,100,31,2,10,1,"1899-12-30 05:50:00","1899-12-30 06:07:00",100,"1 Pisaster",39,,17,,
1366660801,1421011392,100,33,2,10,1,"1899-12-30 03:22:00","1899-12-30 03:30:00",100,"barnacle sheet",40,,17,,
-602396130,1421011392,100,34,2,10,1,"1899-12-30 03:30:00","1899-12-30 03:46:00",100,,41,,17,,
-1135439230,1421011392,100,35,2,10,1,"1899-12-30 03:46:00","1899-12-30 03:51:00",100,"barnacle sheet; a few ~1cm mussels already",42,,17,,
696785047,1421011392,100,36,2,10,1,"1899-12-30 03:52:00","1899-12-30 03:56:00",100,,43,,17,,
-765234362,1421011392,100,37,2,10,1,"1899-12-30 03:56:00","1899-12-30 04:10:00",100,"sloughing barnacle sheet; lots of water and algae",44,,17,,
884204260,1421011392,100,38,2,10,1,"1899-12-30 04:02:00","1899-12-30 04:10:00",100,"barnacle sheet",45,,17,,
895136699,1421011392,100,39,2,10,1,"1899-12-30 04:10:00","1899-12-30 04:26:00",100,,46,,17,,
-1597648782,1435804117,100,22,2,10,1,"1899-12-30 19:31:00","1899-12-30 19:39:00",100,,47,,17,,
-499408443,1435804117,100,23,2,10,1,"1899-12-30 20:26:00","1899-12-30 21:00:00",33,"very high mussel set + Pollicipes",48,,17,,
-191842561,1435804117,100,25,2,10,1,"1899-12-30 19:41:00","1899-12-30 19:46:00",100,"very low mussel set",49,,17,,
-570929925,1435804117,100,24,2,10,1,"1899-12-30 19:54:00","1899-12-30 20:04:00",100,"good mussel set",50,,17,,
-1176127466,1435804117,100,26,2,10,1,"1899-12-30 20:05:00","1899-12-30 20:18:00",100,"good mussel set",51,,17,,
-1619209324,1435804117,100,27,2,10,1,"1899-12-30 20:18:00","1899-12-30 20:23:00",100,"low mussel set; patches of Ulva and Porphyra",52,,17,,
427754720,1435804117,100,28,2,10,1,"1899-12-30 21:01:00","1899-12-30 21:16:00",100,"good mussel set; lots of sand.  Shells eaten by oystercatchers:  Nc: 12,11,12,12. No: 11",53,,17,,
2061998941,1435804117,100,29,2,10,1,"1899-12-30 21:16:00","1899-12-30 21:48:00",95,"very good mussel set and some Pollicipes.  Whelks eaten by oystercatchers: No: 14; Nc: 14, 11",54,,17,,
1586274792,1435804117,100,30,2,10,1,"1899-12-30 21:49:00","1899-12-30 21:51:00",100,"low mussel set",55,,17,,
-2006238499,1435804117,100,33,2,10,1,"1899-12-30 21:55:00","1899-12-30 22:06:00",100,"good mussel set",56,,17,,
-709721673,1435804117,100,34,2,10,1,"1899-12-30 22:08:00","1899-12-30 22:19:00",100,"very low mussel set",57,,17,,
-554449746,1435804117,100,35,2,10,1,"1899-12-30 22:20:00","1899-12-30 22:23:00",100,"very low mussel set",58,,17,,
-1607355057,1435804117,100,39,2,10,1,"1899-12-30 22:24:00","1899-12-30 22:34:00",100,"very low mussel set",59,,17,,
-1835385993,1435804117,100,38,2,10,1,"1899-12-30 22:35:00","1899-12-30 22:40:00",100,"very low mussel set",60,,17,,
-815584112,-1161072853,100,31,2,10,1,"1899-12-30 21:05:00","1899-12-30 21:33:00",100,"good mussel set",61,,17,,
-517065848,-1161072853,100,32,2,10,1,"1899-12-30 21:34:00","1899-12-30 21:41:00",100,"low mussel set; Pollicipes set",62,,17,,
-1871203213,-1161072853,100,37,2,10,1,"1899-12-30 21:41:00","1899-12-30 21:45:00",100,"low mussel set; Porphyra abundant",63,,17,,
1515330521,-1161072853,100,36,2,10,1,"1899-12-30 21:45:00","1899-12-30 21:49:00",100,"very low mussel set",64,,17,,
1420486894,-2066692649,100,24,2,10,1,"1899-12-30 16:30:00","1899-12-30 16:35:00",100,,65,,17,,
1121641862,-2066692649,100,22,2,10,1,"1899-12-30 16:36:00","1899-12-30 16:42:00",100,,66,,17,,
77572594,-2066692649,100,25,2,10,1,"1899-12-30 16:44:00","1899-12-30 16:49:00",100,,67,,17,,
615574814,-2066692649,100,23,2,10,1,"1899-12-30 16:50:00","1899-12-30 17:09:00",80,"All but top-left ""pool"" area surveyed.  Major disturbance happened.  Most barnacles (and mussels) have sloughed off.  One Pisaster (120 arm length; center to tip).",68,,17,,
-599639799,1822616677,100,34,2,10,1,"1899-12-30 18:18:00","1899-12-30 18:28:00",100,,95,,17,,
1945987613,1822616677,100,35,2,10,1,"1899-12-30 18:30:00","1899-12-30 18:38:00",100,,96,,17,,
-631642489,1822616677,100,37,2,10,1,"1899-12-30 18:43:00","1899-12-30 18:48:00",100,,97,,17,,
-1733727219,1822616677,100,36,2,10,1,"1899-12-30 18:49:00","1899-12-30 18:52:00",100,,98,,18,,
-1262595192,1822616677,100,39,2,10,1,"1899-12-30 18:53:00","1899-12-30 19:05:00",100,,99,,18,,
-98084462,1822616677,100,38,2,10,1,"1899-12-30 19:05:00","1899-12-30 19:15:00",100,,100,,18,,
-527913234,2110914242,100,27,2,10,1,"1899-12-30 14:35:00","1899-12-30 14:40:00",100,"No whelks",101,,18,,
-625962025,2110914242,100,25,2,10,1,"1899-12-30 14:40:00","1899-12-30 14:45:00",100,,102,,18,,
997923293,2110914242,100,35,2,10,1,"1899-12-30 14:46:00","1899-12-30 14:50:00",100,,103,,18,,
2133814150,2110914242,100,34,2,10,1,"1899-12-30 14:51:00","1899-12-30 14:59:00",100,,104,,18,,
-435157327,2110914242,100,32,2,10,1,"1899-12-30 15:00:00","1899-12-30 15:05:00",100,,105,,18,,
-1737889085,2110914242,100,36,2,10,1,"1899-12-30 15:06:00","1899-12-30 15:10:00",100,,106,,18,,
1944478975,2110914242,100,38,2,10,1,"1899-12-30 15:11:00","1899-12-30 15:13:00",100,,107,,18,,
-1384248030,2110914242,100,39,2,10,1,"1899-12-30 15:13:00","1899-12-30 15:19:00",100,,108,,18,,
-563034215,2110914242,100,31,2,10,1,"1899-12-30 15:20:00","1899-12-30 15:32:00",100,,109,,18,,
1165311642,2110914242,100,33,2,10,1,"1899-12-30 15:33:00","1899-12-30 15:38:00",100,,110,,18,,
1619418182,2110914242,100,30,2,10,1,"1899-12-30 15:39:00","1899-12-30 15:43:00",100,,111,,18,,
449689365,2110914242,100,29,2,10,1,"1899-12-30 15:45:00","1899-12-30 15:49:00",100,,112,,18,,
-1924399812,2110914242,100,28,2,10,1,"1899-12-30 15:52:00","1899-12-30 15:56:00",100,,113,,18,,
-1440311862,2110914242,100,26,2,10,1,"1899-12-30 15:57:00","1899-12-30 16:03:00",100,"3 Nc eggs!",114,,18,,
1501890166,2110914242,100,24,2,10,1,"1899-12-30 16:04:00","1899-12-30 16:08:00",100,,115,,18,,
1907112123,2110914242,100,22,2,10,1,"1899-12-30 16:09:00","1899-12-30 16:16:00",100,,116,,18,,
-98440835,2110914242,100,23,2,10,1,"1899-12-30 16:16:00","1899-12-30 16:24:00",100,"including pool area",117,,18,,
-1694567248,1455037365,100,35,2,10,1,"1899-12-30 16:50:00","1899-12-30 16:53:00",100,,561,,0,,
-349239577,2110914242,100,37,2,10,1,"1899-12-30 16:27:00","1899-12-30 16:30:00",100,"No whelks",118,,18,,
238534812,-1233549270,100,22,2,10,1,"1899-12-30 16:34:00","1899-12-30 16:41:00",100,,119,,18,,
-1256099937,-1233549270,100,23,2,10,1,"1899-12-30 16:42:00","1899-12-30 16:53:00",80,,120,,18,,
1392018590,-1233549270,100,24,2,10,1,"1899-12-30 16:55:00","1899-12-30 17:01:00",100,,121,,18,,
757140301,-1233549270,100,26,2,10,1,"1899-12-30 17:02:00","1899-12-30 17:08:00",100,,122,,18,,
-613748183,-1233549270,100,28,2,10,1,"1899-12-30 17:09:00","1899-12-30 17:15:00",100,,123,,18,,
1341175200,-1233549270,100,29,2,10,1,"1899-12-30 17:16:00","1899-12-30 17:19:00",100,"No whelks",124,,18,,
-1736594143,-1233549270,100,37,2,10,1,"1899-12-30 17:20:00","1899-12-30 17:25:00",100,,125,,18,,
649691052,-1233549270,100,38,2,10,1,"1899-12-30 17:25:00","1899-12-30 17:28:00",,"No whelks",126,,18,,
105904445,-1233549270,100,39,2,10,1,"1899-12-30 17:29:00","1899-12-30 17:33:00",100,,127,,18,,
1306795801,-1233549270,100,36,2,10,1,"1899-12-30 17:34:00","1899-12-30 17:41:00",100,,128,,18,,
658395390,-1233549270,100,31,2,10,1,"1899-12-30 17:42:00","1899-12-30 17:58:00",100,"6 Nc eggs",129,,18,,
1049839253,-1233549270,100,32,2,10,1,"1899-12-30 17:59:00","1899-12-30 18:05:00",100,,130,,18,,
-330117794,-1233549270,100,34,2,10,1,"1899-12-30 18:06:00","1899-12-30 18:17:00",100,"2 eggs",131,,18,,
1152492154,-1233549270,100,35,2,10,1,"1899-12-30 18:18:00","1899-12-30 18:25:00",100,,132,,18,,
1072212164,-1233549270,100,33,2,10,1,"1899-12-30 18:26:00","1899-12-30 18:33:00",100,,133,,18,,
952465123,-1233549270,100,30,2,10,1,"1899-12-30 18:33:00","1899-12-30 18:37:00",100,,134,,18,,
-415145015,-1233549270,100,27,2,10,1,"1899-12-30 18:38:00","1899-12-30 18:42:00",100,,135,,18,,
1666446111,-1233549270,100,25,2,10,1,"1899-12-30 18:43:00","1899-12-30 18:47:00",100,,136,,18,,
-550991077,62681793,100,27,2,10,1,"1899-12-30 06:26:00","1899-12-30 06:37:00",100,,137,,18,,
1151996303,62681793,100,25,2,10,1,"1899-12-30 06:37:00","1899-12-30 06:42:00",100,,138,,18,,
157855317,62681793,100,35,2,10,1,"1899-12-30 06:43:00","1899-12-30 06:55:00",100,,139,,18,,
-1093451742,62681793,100,34,2,10,1,"1899-12-30 06:55:00","1899-12-30 07:12:00",100,,140,,18,,
5066880,62681793,100,33,2,10,1,"1899-12-30 07:13:00","1899-12-30 07:25:00",100,,141,,18,,
-1718344556,62681793,100,30,2,10,1,"1899-12-30 07:26:00","1899-12-30 07:29:00",100,,142,,18,,
1050095547,62681793,100,28,2,10,1,"1899-12-30 07:21:00","1899-12-30 07:39:00",100,,143,,18,,
-1676836243,62681793,100,26,2,10,1,"1899-12-30 07:39:00","1899-12-30 07:47:00",100,,144,,18,,
-1919289251,62681793,100,24,2,10,1,"1899-12-30 07:48:00","1899-12-30 07:57:00",100,,145,,18,,
-1460662532,62681793,100,22,2,10,1,"1899-12-30 07:58:00","1899-12-30 08:06:00",100,,146,,18,,
1228446380,62681793,100,23,2,10,1,"1899-12-30 08:06:00","1899-12-30 09:20:00",80,"whelks in pool not surveyed",147,,18,,
-1685632223,62681793,100,29,2,10,1,"1899-12-30 09:32:00","1899-12-30 09:41:00",100,,148,,18,,
433364404,62681793,100,31,2,10,1,"1899-12-30 09:42:00","1899-12-30 10:01:00",100,"10 No eggs",149,,18,,
1452163006,62681793,100,32,2,10,1,"1899-12-30 10:02:00","1899-12-30 10:07:00",100,,150,,18,,
241129454,62681793,100,36,2,10,1,"1899-12-30 10:08:00","1899-12-30 10:14:00",100,,151,,18,,
1171450965,62681793,100,37,2,10,1,"1899-12-30 10:14:00","1899-12-30 10:18:00",100,,152,,18,,
-156034018,62681793,100,38,2,10,1,"1899-12-30 10:18:00","1899-12-30 10:20:00",100,,153,,18,,
-1661368115,62681793,100,39,2,10,1,"1899-12-30 10:20:00","1899-12-30 10:29:00",100,,154,,18,,
1422985281,62681793,101,1,1,10,1,"1899-12-30 06:20:00","1899-12-30 06:50:00",,"Training with Isaac, Julia & Kyle",155,,18,,
332871079,62681793,101,1782601326,2,10,1,"1899-12-30 07:30:00","1899-12-30 08:30:00",,"split w/ Isaac",156,,18,,
-492230345,1424971214,100,25,2,10,1,"1899-12-30 05:42:00","1899-12-30 05:53:00",100,,157,,18,,
482923006,1424971214,100,27,2,10,1,"1899-12-30 05:53:00","1899-12-30 06:07:00",100,,158,,18,,
-996033913,1424971214,100,30,2,10,1,"1899-12-30 06:07:00","1899-12-30 06:21:00",100,,159,,18,,
-556940970,1424971214,100,33,2,10,1,"1899-12-30 06:22:00","1899-12-30 07:05:00",100,,160,,18,,
-704199764,1424971214,100,29,2,10,1,"1899-12-30 07:06:00","1899-12-30 07:52:00",100,,161,,18,,
-1816353095,1427991704,100,30,2,1194558598,1,"1899-12-30 18:22:00","1899-12-30 20:30:00",60,,162,,18,,
-465559140,410521709,100,34,2,1194558598,1,"1899-12-30 17:16:00","1899-12-30 20:50:00",75,,163,,18,,
1428008210,1424971214,100,28,2,10,1,"1899-12-30 07:57:00","1899-12-30 09:00:00",100,,164,,18,,
1143859205,1424971214,100,26,2,10,1,"1899-12-30 07:57:00","1899-12-30 09:00:00",100,"30 unassociated eggs",165,,18,,
567500591,1339119075,100,34,2,10,1,"1899-12-30 10:12:00","1899-12-30 11:04:00",100,,193,,18,,
1284872213,1339119075,100,35,2,10,1,"1899-12-30 11:06:00","1899-12-30 11:28:00",25,,194,,18,,
-429927630,1339119075,100,37,2,10,1,"1899-12-30 11:29:00","1899-12-30 11:31:00",5,,195,,18,,
1750491967,-1900903178,100,25,2,10,1,"1899-12-30 02:35:00","1899-12-30 03:15:00",100,,196,,18,,
227260181,-1900903178,100,27,2,10,1,"1899-12-30 03:15:00","1899-12-30 03:48:00",100,,197,,18,,
1430152543,-1900903178,100,30,2,10,1,"1899-12-30 03:51:00","1899-12-30 04:20:00",100,,198,,18,,
-444937932,-1900903178,100,38,2,10,1,"1899-12-30 04:23:00","1899-12-30 04:48:00",100,,199,,18,,
-892142174,-1900903178,100,39,2,10,1,"1899-12-30 04:49:00","1899-12-30 05:45:00",70,,200,,18,,
-1523331057,-1900903178,100,33,2,10,1,"1899-12-30 05:31:00","1899-12-30 06:35:00",75,,201,,18,,
-1348414052,-768176153,100,35,2,10,1,"1899-12-30 03:11:00","1899-12-30 03:59:00",80,,202,,18,,
-1682213971,-768176153,100,31,2,10,1,"1899-12-30 04:00:00","1899-12-30 04:32:00",20,,203,,18,,
-863131346,-768176153,100,32,2,10,1,"1899-12-30 04:33:00","1899-12-30 05:03:00",20,,204,,18,,
2033084785,-768176153,100,22,2,10,1,"1899-12-30 05:07:00","1899-12-30 05:39:00",30,,205,,18,,
-1531580175,-768176153,100,24,2,10,1,"1899-12-30 05:48:00","1899-12-30 06:15:00",25,"30 unassociated No eggs",206,,18,,
2126798600,-768176153,100,28,2,10,1,"1899-12-30 06:17:00","1899-12-30 06:57:00",100,,207,,18,,
-521762878,-768176153,100,34,2,10,1,"1899-12-30 06:59:00","1899-12-30 07:42:00",100,,209,,18,,
-281634666,1603413257,100,36,2,10,1,"1899-12-30 03:21:00","1899-12-30 04:20:00",25,"6+10 unassociated No eggs",210,,18,,
1341460476,1603413257,100,37,2,10,1,"1899-12-30 04:23:00","1899-12-30 04:50:00",85,,211,,18,,
310871261,1603413257,100,29,2,10,1,"1899-12-30 04:57:00","1899-12-30 05:56:00",40,,212,,18,,
632675384,1603413257,100,26,2,10,1,"1899-12-30 06:02:00","1899-12-30 07:00:00",60,,213,,18,,
1614834854,-1786682535,100,26,2,10,1,"1899-12-30 04:21:00","1899-12-30 05:04:00",20,"73 eggs in 6 patches + 9 + 8 + 7 + 13 + 16 +8 + 4 unassociated eggs",214,,18,,
-1613075167,-136811825,100,28,2,10,1,"1899-12-30 08:02:00","1899-12-30 08:11:00",100,,241,,18,,
-1057019388,-136811825,100,29,2,10,1,"1899-12-30 08:11:00","1899-12-30 08:18:00",100,,242,,18,,
1049509098,-136811825,100,31,2,10,1,"1899-12-30 08:21:00","1899-12-30 08:38:00",20,,243,,18,,
1247549661,1783136716,100,38,2,10,1,"1899-12-30 04:19:00","1899-12-30 04:37:00",100,,244,,18,,
1404395230,1783136716,100,39,2,10,1,"1899-12-30 04:38:00","1899-12-30 05:27:00",100,"5+5+19+5+6+4 unassociated No eggs",245,,18,,
-2007443261,1783136716,100,36,2,10,1,"1899-12-30 05:29:00","1899-12-30 06:17:00",50,"7+36+17+25+12+10+14+13+26+19+27 unassociated No eggs",246,,18,,
-544525466,1783136716,100,37,2,10,1,"1899-12-30 06:24:00","1899-12-30 07:00:00",50,"5+21+9+20 unassociated No eggs",247,,18,,
1685211341,1783136716,100,32,2,10,1,"1899-12-30 07:14:00","1899-12-30 07:31:00",100,"8+26+34+9+12 unassociated No eggs",248,,18,,
-32251867,1783136716,100,34,2,10,1,"1899-12-30 07:33:00","1899-12-30 08:12:00",100,"18+20+7+21+7+7+7 unassociated No eggs",249,,18,,
1050532292,1783136716,100,35,2,10,1,"1899-12-30 08:13:00","1899-12-30 08:38:00",100,"7+52+22+14+35+8+6+2 unassociated No eggs",250,,18,,
-1661553104,-495205557,100,22,2,10,1,"1899-12-30 17:39:00","1899-12-30 18:25:00",45,,251,,18,,
-1185069197,-495205557,100,24,2,10,1,"1899-12-30 08:26:00","1899-12-30 18:57:00",20,,252,,18,,
1698705,-495205557,100,26,2,10,1,"1899-12-30 19:01:00","1899-12-30 19:30:00",25,,253,,18,,
-231925736,-495205557,100,27,2,10,1,"1899-12-30 19:35:00","1899-12-30 20:12:00",100,,254,,18,,
-1571372082,-495205557,100,25,2,10,1,"1899-12-30 19:53:00","1899-12-30 20:12:00",100,"16 unassociated No eggs",255,,18,,
860506840,-495205557,100,30,2,10,1,"1899-12-30 20:13:00","1899-12-30 20:19:00",100,,256,,18,,
-1138979642,-495205557,100,38,2,10,1,"1899-12-30 20:21:00","1899-12-30 20:27:00",100,,257,,18,,
1866745138,-495205557,100,39,2,10,1,"1899-12-30 20:28:00","1899-12-30 20:34:00",100,,258,,18,,
66606472,1547505411,100,23,2,10,1,"1899-12-30 18:32:00","1899-12-30 19:12:00",30,,259,,18,,
751594841,1547505411,100,28,2,10,1,"1899-12-30 19:13:00","1899-12-30 19:31:00",100,,260,,18,,
820107461,1547505411,100,29,2,10,1,"1899-12-30 19:32:00","1899-12-30 19:47:00",100,,261,,18,,
-1729017420,1547505411,100,37,2,10,1,"1899-12-30 19:49:00","1899-12-30 20:19:00",100,"13+7 unassociated No eggs",262,,18,,
396082834,1547505411,100,36,2,10,1,"1899-12-30 20:11:00","1899-12-30 20:24:00",100,"15 unassociated No eggs",263,,18,,
-2056477481,1547505411,100,31,2,10,1,"1899-12-30 20:30:00","1899-12-30 21:09:00",35,,264,,18,,
-1407566794,1547505411,100,32,2,10,1,"1899-12-30 21:11:00","1899-12-30 21:22:00",100,,265,,18,,
1768767911,1547505411,100,34,2,10,1,"1899-12-30 21:23:00","1899-12-30 21:43:00",100,,266,,18,,
256504793,1547505411,100,35,2,10,1,"1899-12-30 21:44:00","1899-12-30 21:57:00",100,,267,,18,,
-1085438226,1547505411,100,33,2,10,1,"1899-12-30 21:57:00","1899-12-30 22:13:00",100,,268,,18,,
2010566226,-1341447371,100,25,2,10,1,"1899-12-30 15:45:00","1899-12-30 16:05:00",100,,269,,18,,
1708200672,-1341447371,100,22,2,10,1,"1899-12-30 16:06:00","1899-12-30 16:49:00",15,,270,,18,,
891696723,-1341447371,100,23,2,10,1,"1899-12-30 16:50:00","1899-12-30 17:21:00",20,,271,,18,,
1870717639,-1341447371,100,24,2,10,1,"1899-12-30 17:24:00","1899-12-30 17:55:00",15,,272,,18,,
1570918365,-1341447371,100,26,2,10,1,"1899-12-30 17:57:00","1899-12-30 18:28:00",20,,273,,18,,
1198318992,-1341447371,100,29,2,10,1,"1899-12-30 18:33:00","1899-12-30 19:00:00",100,,274,,18,,
1097821950,-1341447371,100,28,2,10,1,"1899-12-30 19:01:00","1899-12-30 19:27:00",50,,275,,18,,
1995298443,-1341447371,100,33,2,10,1,"1899-12-30 19:28:00","1899-12-30 19:50:00",100,,276,,18,,
-376478073,1455037365,100,36,2,10,1,"1899-12-30 16:54:00","1899-12-30 16:58:00",100,,562,,0,,
1041207153,-1341447371,100,30,2,10,1,"1899-12-30 19:51:00","1899-12-30 20:02:00",100,,277,,18,,
964409903,-1341447371,100,34,2,10,1,"1899-12-30 20:06:00","1899-12-30 20:31:00",95,"crack not done",278,,18,,
981012070,1220371481,100,36,2,10,1,"1899-12-30 17:19:00","1899-12-30 17:54:00",100,,279,,18,,
674507468,1220371481,100,37,2,10,1,"1899-12-30 17:55:00","1899-12-30 18:28:00",100,,280,,18,,
893467536,1220371481,100,31,2,10,1,"1899-12-30 18:30:00","1899-12-30 19:00:00",25,,281,,18,,
-1877396255,1220371481,100,32,2,10,1,"1899-12-30 19:06:00","1899-12-30 19:33:00",100,,282,,18,,
1500235390,1220371481,100,39,2,10,1,"1899-12-30 19:34:00","1899-12-30 19:57:00",100,,283,,18,,
-1753944258,1220371481,100,38,2,10,1,"1899-12-30 19:58:00","1899-12-30 20:06:00",100,,284,,18,,
69698135,1220371481,100,35,2,10,1,"1899-12-30 20:07:00","1899-12-30 20:30:00",100,,285,,18,,
1610317870,1220371481,100,27,2,10,1,"1899-12-30 20:33:00","1899-12-30 20:40:00",100,,286,,18,,
-941980353,-894537994,100,31,2,10,1,"1899-12-30 17:30:00","1899-12-30 18:07:00",40,,287,,18,,
-27282680,-894537994,100,32,2,10,1,"1899-12-30 18:08:00","1899-12-30 18:41:00",100,,288,,18,,
1289370744,-894537994,100,34,2,10,1,"1899-12-30 18:42:00","1899-12-30 19:11:00",100,,289,,18,,
1036086394,-894537994,100,33,2,10,1,"1899-12-30 19:12:00","1899-12-30 19:29:00",100,,290,,18,,
529969803,-894537994,100,27,2,10,1,"1899-12-30 19:31:00","1899-12-30 19:51:00",100,,291,,18,,
1335588013,1399455452,100,28,2,10,1,"1899-12-30 15:41:00","1899-12-30 16:20:00",60,,292,,18,,
1430412129,1399455452,100,29,2,10,1,"1899-12-30 16:20:00","1899-12-30 16:51:00",50,,293,,18,,
1861167870,1399455452,100,26,2,10,1,"1899-12-30 16:55:00","1899-12-30 17:34:00",20,,294,,18,,
-367816629,1399455452,100,24,2,10,1,"1899-12-30 17:40:00","1899-12-30 18:14:00",20,,295,,18,,
85088966,1399455452,100,23,2,10,1,"1899-12-30 18:17:00","1899-12-30 18:50:00",20,"New natural patch below.  Water no longer pooling up in top left corner.",296,,18,,
-1488251527,1399455452,100,22,2,10,1,"1899-12-30 08:52:00","1899-12-30 19:27:00",25,,297,,18,,
-1007471656,1399455452,100,37,2,10,1,"1899-12-30 19:32:00","1899-12-30 19:47:00",20,,298,,18,,
-148230896,1399455452,100,36,2,10,1,"1899-12-30 19:48:00","1899-12-30 20:14:00",45,,299,,18,,
-1415147631,1399455452,100,25,2,10,1,"1899-12-30 20:15:00","1899-12-30 20:42:00",100,,300,,18,,
1950712278,1590016841,100,30,2,10,1,"1899-12-30 17:14:00","1899-12-30 17:26:00",100,,301,,18,,
-741352334,1590016841,100,35,2,10,1,"1899-12-30 18:07:00","1899-12-30 18:37:00",100,,302,,18,,
828888199,1590016841,100,38,2,10,1,"1899-12-30 18:38:00","1899-12-30 18:52:00",100,,303,,18,,
-522523635,1455037365,100,38,2,10,1,"1899-12-30 16:58:00","1899-12-30 17:00:00",100,,563,,0,,
331022709,1590016841,100,39,2,10,1,"1899-12-30 18:53:00","1899-12-30 19:18:00",100,,304,,18,,
-1377665966,-748867098,100,27,2,10,1,"1899-12-30 14:25:00","1899-12-30 15:04:00",100,,305,,18,,
-1687264501,-748867098,100,28,2,10,1,"1899-12-30 15:09:00","1899-12-30 15:27:00",100,,306,,18,,
-1245741217,-748867098,100,33,2,10,1,"1899-12-30 15:28:00","1899-12-30 15:52:00",100,,307,,18,,
1430758420,-748867098,100,29,2,10,1,"1899-12-30 15:55:00","1899-12-30 16:18:00",100,,308,,19,,
-882927471,-748867098,100,31,2,10,1,"1899-12-30 16:23:00","1899-12-30 16:48:00",100,,309,,19,,
-1757803444,-748867098,100,32,2,10,1,"1899-12-30 16:54:00","1899-12-30 17:16:00",100,,310,,19,,
-647073956,-748867098,100,34,2,10,1,"1899-12-30 17:22:00","1899-12-30 17:56:00",100,,311,,19,,
-1951426232,-748867098,100,26,2,10,1,"1899-12-30 17:58:00","1899-12-30 18:31:00",100,,312,,19,,
533971533,-748867098,100,25,2,10,1,"1899-12-30 18:32:00","1899-12-30 18:52:00",100,,313,,19,,
989234276,-748867098,100,30,2,10,1,"1899-12-30 18:53:00","1899-12-30 19:10:00",100,,314,,19,,
1869003970,-1797996187,100,36,2,10,1,"1899-12-30 15:01:00","1899-12-30 15:37:00",100,,315,,19,,
-117343932,-1797996187,100,39,2,10,1,"1899-12-30 15:48:00","1899-12-30 16:07:00",100,,316,,19,,
1574447242,-1797996187,100,24,2,10,1,"1899-12-30 16:16:00","1899-12-30 16:46:00",100,,317,,19,,
325922730,-1797996187,100,22,2,10,1,"1899-12-30 16:48:00","1899-12-30 17:24:00",100,,318,,19,,
1859743809,-1797996187,100,23,2,10,1,"1899-12-30 17:25:00","1899-12-30 17:51:00",80,"pool no longer exists due to dam break. Pool area not sampled.",319,,19,,
590190851,-1797996187,100,37,2,10,1,"1899-12-30 17:59:00","1899-12-30 18:39:00",100,,320,,19,,
961127555,-1797996187,100,38,2,10,1,"1899-12-30 18:40:00","1899-12-30 18:55:00",100,,321,,19,,
2134595176,-1797996187,100,35,2,10,1,"1899-12-30 18:58:00","1899-12-30 19:31:00",100,,322,,19,,
-1793720461,957892218,100,28,2,10,1,"1899-12-30 15:22:00","1899-12-30 16:05:00",65,,323,,19,,
-874255629,957892218,100,29,2,10,1,"1899-12-30 16:07:00","1899-12-30 17:00:00",15,,324,,19,,
541884498,957892218,100,22,2,10,1,"1899-12-30 17:08:00","1899-12-30 17:53:00",80,,325,,19,,
196055297,957892218,100,23,2,10,1,"1899-12-30 17:54:00","1899-12-30 18:12:00",50,,326,,19,,
1431014288,957892218,100,24,2,10,1,"1899-12-30 18:13:00","1899-12-30 18:56:00",100,,327,,19,,
-185657908,957892218,100,26,2,10,1,"1899-12-30 19:02:00","1899-12-30 19:43:00",70,,328,,19,,
493282601,957892218,100,33,2,10,1,"1899-12-30 19:45:00","1899-12-30 20:27:00",60,,329,,19,,
-324570148,-1744908505,100,25,2,10,1,"1899-12-30 15:40:00","1899-12-30 16:25:00",50,,330,,19,,
-1829658367,-1744908505,100,36,2,10,1,"1899-12-30 16:26:00","1899-12-30 17:10:00",30,,331,,19,,
265885918,-1744908505,100,31,2,10,1,"1899-12-30 17:12:00","1899-12-30 17:57:00",50,,332,,19,,
-1910178501,-1744908505,100,32,2,10,1,"1899-12-30 18:03:00","1899-12-30 18:37:00",50,,333,,19,,
2119752783,-1744908505,100,37,2,10,1,"1899-12-30 18:42:00","1899-12-30 19:12:00",40,,334,,19,,
1164535935,-1744908505,100,39,2,10,1,"1899-12-30 19:13:00","1899-12-30 19:51:00",70,,335,,19,,
-807120860,-1744908505,100,38,2,10,1,"1899-12-30 19:53:00","1899-12-30 20:23:00",100,,336,,19,,
45285134,-1744908505,100,30,2,10,1,"1899-12-30 20:26:00","1899-12-30 21:06:00",100,,337,,19,,
1321546047,-38057226,100,27,2,10,1,"1899-12-30 16:46:00","1899-12-30 17:48:00",50,,338,,19,,
1327780295,-38057226,100,35,2,10,1,"1899-12-30 17:50:00","1899-12-30 18:30:00",30,,339,,19,,
-1779181630,-38057226,100,34,2,10,1,"1899-12-30 18:37:00","1899-12-30 19:26:00",30,,340,,19,,
547290574,1285282337,100,25,2,10,1,"1899-12-30 16:15:00","1899-12-30 17:03:00",30,,341,,19,,
-521584859,1285282337,100,27,2,10,1,"1899-12-30 17:04:00","1899-12-30 17:40:00",20,,342,,19,,
-1156428509,1285282337,100,28,2,10,1,"1899-12-30 17:46:00","1899-12-30 18:29:00",35,,343,,19,,
-1075874614,1285282337,100,29,2,10,1,"1899-12-30 18:30:00","1899-12-30 19:08:00",20,"5+4+8+10 unassociated No eggs",344,,19,,
737301469,1285282337,100,33,2,10,1,"1899-12-30 19:10:00","1899-12-30 19:45:00",40,,345,,19,,
826006739,1427991704,100,35,2,10,1,"1899-12-30 16:16:00","1899-12-30 17:05:00",20,,346,,19,,
224958778,1427991704,100,26,2,10,1,"1899-12-30 17:05:00","1899-12-30 17:34:00",20,,347,,19,,
927440744,1427991704,100,24,2,10,1,"1899-12-30 18:18:00","1899-12-30 18:51:00",28,,348,,19,,
774032499,1427991704,100,22,2,10,1,"1899-12-30 18:51:00","1899-12-30 19:23:00",20,,349,,19,,
385201878,1427991704,100,31,2,10,1,"1899-12-30 19:25:00","1899-12-30 20:01:00",28,"NOTE:  Written down as AC.  Inferred to have been AD.",350,,19,,
1858549331,1427991704,100,39,2,10,1,"1899-12-30 20:04:00","1899-12-30 20:28:00",25,,351,,19,,
-2123498135,410521709,100,38,2,10,1,"1899-12-30 17:16:00","1899-12-30 17:47:00",100,"9 unassociated No eggs",352,,19,,
-1996847002,410521709,100,32,2,10,1,"1899-12-30 17:48:00","1899-12-30 18:22:00",30,,353,,19,,
1938725793,410521709,100,36,2,10,1,"1899-12-30 18:24:00","1899-12-30 19:12:00",90,"6 unassociated No eggs; 12+8 unassociated Nc eggs. NOTE: Written down as Patch BD.  Inferred to be BC.",354,,19,,
-811719943,410521709,100,23,2,10,1,"1899-12-30 19:15:00","1899-12-30 19:39:00",25,,355,,19,,
1227096117,410521709,100,37,2,10,1,"1899-12-30 19:42:00","1899-12-30 20:06:00",25,,356,,19,,
-965621438,410521709,100,30,2,10,1,"1899-12-30 20:08:00","1899-12-30 20:19:00",25,"remainder done by Beatriz",357,,19,,
1565275519,410521709,100,34,2,10,1,"1899-12-30 20:20:00","1899-12-30 20:51:00",25,"remainder done by Beatriz. 10 unassociated No eggs",358,,19,,
387595091,-689717798,100,25,2,10,1,"1899-12-30 04:52:00","1899-12-30 05:45:00",40,"7+7+4 unassociated No eggs",359,,19,,
1130678530,-689717798,100,22,2,10,1,"1899-12-30 05:46:00","1899-12-30 06:24:00",35,,360,,19,,
-296697369,-689717798,100,24,2,10,1,"1899-12-30 06:25:00","1899-12-30 07:02:00",25,"14+6+4+9 unassociated eggs",361,,19,,
-1567667031,-689717798,100,26,2,10,1,"1899-12-30 07:04:00","1899-12-30 07:41:00",25,"8+11+16+13+13 unassociated No eggs",362,,19,,
-1922565379,-689717798,100,29,2,10,1,"1899-12-30 07:54:00","1899-12-30 08:33:00",20,"7+6+9+4+6+9+21+7+8+7+6 unassociated No eggs",363,,19,,
1431363125,-689717798,100,28,2,10,1,"1899-12-30 08:34:00","1899-12-30 09:11:00",20,"17+10+7+7+8+2+16+18+7 unassociated No eggs",364,,19,,
1269330922,-689717798,100,27,2,10,1,"1899-12-30 09:12:00","1899-12-30 09:45:00",35,,365,,19,,
-1083105907,-1448157238,100,33,2,10,1,"1899-12-30 05:54:00","1899-12-30 06:46:00",30,,366,,19,,
-52870393,-1448157238,100,36,2,10,1,"1899-12-30 06:48:00","1899-12-30 07:39:00",25,"4+6+4+7+9 unassociated No eggs",367,,19,,
103651709,-1448157238,100,37,2,10,1,"1899-12-30 07:42:00","1899-12-30 08:11:00",20,"1+10+7 unassociated No eggs",368,,19,,
-167961895,-1448157238,100,38,2,10,1,"1899-12-30 08:12:00","1899-12-30 08:51:00",100,"10+4+4+7 unassociated No eggs",369,,19,,
788225919,-1448157238,100,39,2,10,1,"1899-12-30 08:57:00","1899-12-30 09:40:00",45,"1+5 unassociated No eggs",370,,19,,
1939834087,-1448157238,100,30,2,10,1,"1899-12-30 09:42:00","1899-12-30 10:26:00",75,"5+8 unassociated No eggs",371,,19,,
-39624530,-1542172009,100,34,2,10,1,"1899-12-30 06:24:00","1899-12-30 07:22:00",65,,372,,19,,
771627845,-1542172009,100,31,2,10,1,"1899-12-30 07:24:00","1899-12-30 08:12:00",50,"3+10+15+12+6 unassociated No eggs",373,,19,,
-590603178,-1542172009,100,32,2,10,1,"1899-12-30 08:18:00","1899-12-30 09:10:00",40,,374,,19,,
632567611,-1542172009,100,23,2,10,1,"1899-12-30 09:15:00","1899-12-30 09:49:00",50,,375,,19,,
1107880761,-1542172009,100,35,2,10,1,"1899-12-30 09:51:00","1899-12-30 10:39:00",40,"6+3 unassociated No eggs",376,,19,,
-605803198,-1448157238,100,34,2,1410565351,1,"1899-12-30 06:20:00","1899-12-30 07:40:00",,,377,,19,,
-99337442,-1448157238,100,31,2,1410565351,1,"1899-12-30 07:40:00","1899-12-30 08:30:00",,,378,,19,,
313870649,-1448157238,100,33,2,1410565351,1,"1899-12-30 08:45:00","1899-12-30 09:50:00",,,379,,19,,
1431638388,-689717798,100,23,2,1400782898,1,"1899-12-30 07:00:00","1899-12-30 08:00:00",,"TimeStart-TimeEnd made up",380,,19,,
279510427,-689717798,100,29,2,1400782898,1,"1899-12-30 08:00:00","1899-12-30 09:00:00",,"TimeStart-TimeEnd made up. Top right corner.",381,,19,,
-744631416,1455037365,100,39,2,10,1,"1899-12-30 17:01:00","1899-12-30 17:04:00",100,,564,,0,,
1224444948,1455037365,100,32,2,10,1,"1899-12-30 17:05:00","1899-12-30 17:10:00",100,,565,,0,,
-919793929,1455037365,100,29,2,10,1,"1899-12-30 17:10:00","1899-12-30 17:22:00",100,,566,,0,,
1990502092,1455037365,100,27,2,10,1,"1899-12-30 17:23:00","1899-12-30 17:25:00",100,,567,,0,,
796105178,1455037365,100,25,2,10,1,"1899-12-30 17:26:00","1899-12-30 17:29:00",100,,568,,0,,
-240370792,1455037365,100,22,2,10,1,"1899-12-30 17:30:00","1899-12-30 17:57:00",100,"New patch south of A considerably enlarged.  6 unassociated No eggs",569,,0,,
-880461475,1455037365,100,24,2,10,1,"1899-12-30 18:00:00","1899-12-30 18:13:00",100,,570,,0,,
1840359441,1455037365,100,26,2,10,1,"1899-12-30 18:13:00","1899-12-30 18:26:00",100,,571,,0,,
-440005241,1455037365,100,28,2,10,1,"1899-12-30 18:26:00","1899-12-30 18:33:00",100,,572,,0,,
-803649283,1455037365,100,31,2,10,1,"1899-12-30 18:34:00","1899-12-30 18:56:00",100,"9+3 unassociated No eggs. 23 unassociated Nc eggs",573,,0,,
-1082917725,1455037365,100,23,2,1410565351,1,"1899-12-30 18:20:00","1899-12-30 18:35:00",80,,574,,0,,
431859,1455037365,100,37,2,1410565351,1,"1899-12-30 18:38:00","1899-12-30 18:42:00",100,,575,,0,,
177697062,1462225369,100,27,2,10,1,"1899-12-30 15:58:00","1899-12-30 16:03:00",100,,576,,0,,
924615369,1462225369,100,25,2,10,1,"1899-12-30 16:04:00","1899-12-30 16:18:00",100,,577,,0,,
-1811746387,1462225369,100,33,2,10,1,"1899-12-30 16:26:00","1899-12-30 16:49:00",40,,578,,0,,
-2088199384,1462225369,100,35,2,10,1,"1899-12-30 16:50:00","1899-12-30 16:59:00",100,,579,,0,,
1746763254,1462225369,100,39,2,10,1,"1899-12-30 17:00:00","1899-12-30 17:04:00",100,,580,,0,,
-1566486865,1462225369,100,38,2,10,1,"1899-12-30 17:04:00","1899-12-30 17:08:00",100,,581,,0,,
-1561471773,1462225369,100,36,2,10,1,"1899-12-30 17:09:00","1899-12-30 17:15:00",100,,582,,0,,
312995952,1462225369,100,34,2,10,1,"1899-12-30 17:15:00","1899-12-30 17:25:00",100,,583,,0,,
-57739211,1462225369,100,30,2,10,1,"1899-12-30 17:25:00","1899-12-30 17:41:00",100,,584,,0,,
-24359846,1462225369,100,28,2,10,1,"1899-12-30 17:45:00","1899-12-30 17:57:00",70,,585,,0,,
78546789,1489438580,100,30,2,10,1,"1899-12-30 06:10:00","1899-12-30 06:29:00",100,,586,,0,,
1508854426,1489438580,100,33,2,10,1,"1899-12-30 06:29:00","1899-12-30 07:13:00",100,"5+17+8 unnassociated eggs",587,,0,,
-912667614,1489438580,100,29,2,10,1,"1899-12-30 07:23:00","1899-12-30 07:49:00",100,"Tube worms present.  Lots of Pisaster recruits (3-5cm). 9+7 unnassociated eggs",588,,0,,
979389015,1489438580,100,28,2,10,1,"1899-12-30 07:50:00","1899-12-30 08:21:00",100,"tubeworms present; 4 unassociated eggs",589,,0,,
142440520,1489438580,100,26,2,10,1,"1899-12-30 08:28:00","1899-12-30 09:17:00",100,"5+9+10+11+10+7+9+1+7+8+8+6+7+10+4 unassociated eggs",590,,0,,
1307105768,1489438580,100,25,2,10,1,"1899-12-30 09:18:00","1899-12-30 09:47:00",100,"5 unassociated eggs",591,,0,,
1475878206,1489438580,100,27,2,10,1,"1899-12-30 09:48:00","1899-12-30 10:17:00",100,,592,,0,,
-347126906,17154489,100,36,2,10,1,"1899-12-30 06:39:00","1899-12-30 07:03:00",100,"2 Postelsia individuals",593,,0,,
-60875073,17154489,100,38,2,10,1,"1899-12-30 07:04:00","1899-12-30 07:13:00",100,,594,,0,,
-1823127653,17154489,100,39,2,10,1,"1899-12-30 07:13:00","1899-12-30 07:40:00",100,,595,,0,,
-594498501,17154489,100,35,2,10,1,"1899-12-30 07:44:00","1899-12-30 08:12:00",100,"6+9+7 unassociated eggs",596,,0,,
217432266,17154489,100,22,2,10,1,"1899-12-30 08:17:00","1899-12-30 09:06:00",50,"18+3+3+7+1+5+5+4 unassociated eggs",597,,0,,
842238883,17154489,100,24,2,10,1,"1899-12-30 09:11:00","1899-12-30 09:48:00",100,"2+9+8+17 unassociated eggs",598,,0,,
-1331407615,17154489,100,23,2,10,1,"1899-12-30 09:50:00","1899-12-30 10:25:00",95,"all but pool; 12 unassociated eggs",599,,0,,
137182338,17154489,100,32,2,10,1,"1899-12-30 10:30:00","1899-12-30 11:02:00",100,"13+13+8+7+11+6+10+6+17+4+4 unassociated eggs",600,,0,,
48854847,17154489,100,34,2,10,1,"1899-12-30 11:09:00","1899-12-30 11:30:00",100,"end time estimated; 6 unassociated eggs.  Channel dry, no water flowing through it from tidepool above.",601,,0,,
-1698296437,-532171790,100,31,2,10,1,"1899-12-30 08:23:00","1899-12-30 09:25:00",50,"7+12+18+11+6+9+5+4+6+6+9+6 unassociated eggs",602,,0,,
1908643531,-532171790,100,37,2,10,1,"1899-12-30 09:20:00","1899-12-30 09:46:00",100,"4 unassociated eggs",603,,0,,
1299177100,1491255959,100,30,2,10,1,"1899-12-30 04:47:00","1899-12-30 05:43:00",100,"High algal cover; 6, 21, 7 unassociated eggs",604,,0,,
-269106616,1491255959,100,29,2,10,1,"1899-12-30 05:44:00","1899-12-30 06:20:00",100,,605,,0,,
54462537,1491255959,100,28,2,10,1,"1899-12-30 06:25:00","1899-12-30 07:25:00",100,"6+12+7+7 unassociated eggs",606,,0,,
1492187899,1491255959,100,33,2,10,1,"1899-12-30 07:26:00","1899-12-30 08:42:00",70,"7+5+15+4+12+8 unassociated eggs",608,,0,,
-1741409883,1491255959,100,27,2,10,1,"1899-12-30 08:45:00","1899-12-30 09:15:00",50,"8+9+7+3 unassociated eggs",609,,0,,
829515889,-1568194512,100,25,2,10,1,"1899-12-30 04:50:00","1899-12-30 05:31:00",50,"10+6+8 unassociated eggs",610,,0,,
-1871570881,-1568194512,100,35,2,10,1,"1899-12-30 05:32:00","1899-12-30 06:11:00",50,"11+5+7+3+16 unassociated eggs",611,,0,,
-229777623,-1568194512,100,22,2,10,1,"1899-12-30 06:17:00","1899-12-30 07:00:00",30,"9+5+6+10+6+9+7+4+7+8+7+3+5+6 unassociated eggs",612,,0,,
1492462629,-1568194512,100,24,2,10,1,"1899-12-30 07:06:00","1899-12-30 07:43:00",100,"6+4+8+2+11+7 unassociated eggs",613,,0,,
-419130188,-1568194512,100,25,2,10,1,"1899-12-30 07:45:00","1899-12-30 08:31:00",50,"8+16+9+10+7 unassociated eggs",614,,0,,
-809163051,-1568194512,100,39,2,10,1,"1899-12-30 08:34:00","1899-12-30 09:16:00",100,,615,,0,,
226382162,-1568194512,100,38,2,10,1,"1899-12-30 09:16:00","1899-12-30 09:28:00",100,,616,,0,,
-2045551636,-1568194512,100,36,2,10,1,"1899-12-30 09:29:00","1899-12-30 09:52:00",75,"2 Postelsia individuals. 6+7+5 unassociated eggs",617,,0,,
613717985,-590167200,100,34,2,10,1,"1899-12-30 06:22:00","1899-12-30 07:01:00",100,,618,,0,,
1654595228,-590167200,100,32,2,10,1,"1899-12-30 07:02:00","1899-12-30 07:48:00",50,"9+6+9+5+8+24+13+7+10 unassociated eggs",619,,0,,
-1687735190,-590167200,100,23,2,10,1,"1899-12-30 07:57:00","1899-12-30 08:20:00",100,,620,,0,,
1492550549,-590167200,100,26,2,10,1,"1899-12-30 08:21:00","1899-12-30 09:10:00",85,"7+6+9+19+16+5+10+10+13+13+4+17+4+11+8+8+5+18 unassociated eggs",621,,0,,
-1436553157,-590167200,100,31,2,10,1,"1899-12-30 09:12:00","1899-12-30 10:01:00",50,"4+7+6+8+6+13+4+8+16+6+12+11 unassociated eggs",622,,0,,
1612340366,-590167200,100,37,2,10,1,"1899-12-30 10:02:00","1899-12-30 10:22:00",100,"7 unassociated eggs",623,,0,,
1871081896,-590167200,100,31,2,10,1,"1899-12-30 10:23:00","1899-12-30 10:45:00",50,"Continuation of prior survey (in total, 100% of patch surveyed); 10+7+12 unassociated eggs",624,,0,,
265808686,-590167200,100,32,2,10,1,"1899-12-30 10:49:00","1899-12-30 11:03:00",50,"Remainder of patch completed (total 100% surveyed); 8+7+5+6+4 unassociated eggs",625,,0,,
1815471626,-590167200,100,35,2,10,1,"1899-12-30 11:09:00","1899-12-30 11:36:00",50,"Remainder surveyed (total 100%); 4+9+6+4+15+1+13+10+7+13+6+11+10+5+4+6+9+9+31+8+19+6+4+7+6+9+51+10+39+8+9+8+12+9 unassociated eggs",626,,0,,
1492708910,1492705079,100,25,2,10,1,"1899-12-30 04:45:00","1899-12-30 05:27:00",40,"8+42 unassociated eggs",629,,0,,
278624243,1492705079,100,27,2,10,1,"1899-12-30 05:29:00","1899-12-30 06:13:00",50,"4+9+5+6+13+6+20 unassociated eggs",630,,0,,
-1806201633,1492705079,100,29,2,10,1,"1899-12-30 06:16:00","1899-12-30 07:06:00",100,"15 mm green urchin",631,,0,,
1560477693,1492705079,100,28,2,10,1,"1899-12-30 07:10:00","1899-12-30 07:52:00",,,632,,0,,
2119274576,1492705079,100,23,2,10,1,"1899-12-30 07:57:00","1899-12-30 08:30:00",100,,633,,0,,
1610245226,1492705079,100,22,2,10,1,"1899-12-30 08:33:00","1899-12-30 09:18:00",50,"7+12+6+15 unassociated eggs",634,,0,,
-618315931,1766039412,100,30,2,10,1,"1899-12-30 05:58:00","1899-12-30 06:38:00",60,,635,,0,,
-106663933,1766039412,100,33,2,10,1,"1899-12-30 06:40:00","1899-12-30 07:26:00",55,"10 unassociated eggs",636,,0,,
-348351346,1766039412,100,24,2,10,1,"1899-12-30 07:29:00","1899-12-30 08:06:00",50,,637,,0,,
1901700441,1766039412,100,26,2,10,1,"1899-12-30 08:09:00","1899-12-30 08:54:00",50,"13+8+9+5 unassociated eggs",638,,0,,
2126298844,1766039412,100,37,2,10,1,"1899-12-30 08:58:00","1899-12-30 09:20:00",100,,639,,0,,
-89003427,1766039412,100,31,2,10,1,"1899-12-30 09:23:00","1899-12-30 10:22:00",60,"8+18+4 unassociated eggs",640,,0,,
-2132790329,1766039412,100,34,2,10,1,"1899-12-30 10:25:00","1899-12-30 11:21:00",75,"24+8 unassociated eggs",641,,0,,
-1977646675,1493917660,100,38,2,10,1,"1899-12-30 06:42:00","1899-12-30 07:04:00",100,,642,,0,,
575347406,1493917660,100,39,2,10,1,"1899-12-30 07:05:00","1899-12-30 08:07:00",100,,643,,0,,
380020253,1493917660,100,36,2,10,1,"1899-12-30 08:09:00","1899-12-30 09:02:00",100,"14+10 unassociated eggs",644,,0,,
-1834022070,1493917660,100,35,2,10,1,"1899-12-30 09:06:00","1899-12-30 10:07:00",100,"4+2+5+14+8+12+14+6+6+6+15+5 unassociated eggs",645,,0,,
425879877,1493917660,100,32,2,10,1,"1899-12-30 10:13:00","1899-12-30 11:13:00",100,"2+11+6+7+12+8+25+4 unassociated eggs",646,,0,,
1493936798,-2100708983,100,28,2,10,1,"1899-12-30 04:30:00","1899-12-30 05:56:00",100,,647,,0,,
-500211832,-2100708983,100,29,2,10,1,"1899-12-30 05:57:00","1899-12-30 06:44:00",100,,648,,0,,
1494370788,-2100708983,100,30,2,10,1,"1899-12-30 06:47:00","1899-12-30 07:30:00",100,,649,,0,,
561029293,-2100708983,100,33,2,10,1,"1899-12-30 07:33:00","1899-12-30 08:23:00",100,"4+5 unassociated eggs",650,,0,,
-1389606075,-2100708983,100,31,2,10,1,"1899-12-30 08:27:00","1899-12-30 09:21:00",80,"33 unassociated eggs",651,,0,,
1873869395,1517541594,100,32,2,10,1,"1899-12-30 04:57:00","1899-12-30 06:12:00",100,"12+7+6+4  unassociated eggs",652,,0,,
1494430986,1517541594,100,36,2,2055687875,1,"1899-12-30 05:00:00","1899-12-30 05:00:00",,"11+10+5+5+6+22 unassociated eggs",653,,0,,
548934984,1517541594,100,37,2,2055687875,1,"1899-12-30 05:00:00","1899-12-30 05:00:00",,,654,,0,,
1494543226,1517541594,100,34,2,10,1,"1899-12-30 06:14:00","1899-12-30 07:37:00",95,"3+4 unassociated eggs",655,,0,,
1169897795,1517541594,100,22,2,10,1,"1899-12-30 07:42:00","1899-12-30 08:47:00",100,"Recently disturbed w/ <1mo old Bg selttlement; 2 unassociated eggs",656,,0,,
-152585051,1517541594,100,24,2,10,1,"1899-12-30 08:49:00","1899-12-30 09:19:00",50,,657,,0,,
1494624916,1517541594,100,26,2,10,1,"1899-12-30 09:20:00","1899-12-30 10:05:00",50,"8 unassociated eggs",658,,0,,
1495642615,1950626412,100,27,2,10,1,"1899-12-30 05:12:00","1899-12-30 06:15:00",100,"8+12+8+12+8+8 unassociated eggs",659,,0,,
694791487,1950626412,100,25,2,10,1,"1899-12-30 06:16:00","1899-12-30 07:26:00",100,"9+3+8+4+8 unassociated eggs",660,,0,,
-274560939,1950626412,100,38,2,10,1,"1899-12-30 07:28:00","1899-12-30 07:51:00",100,,661,,0,,
-1852019414,1950626412,100,39,2,10,1,"1899-12-30 07:52:00","1899-12-30 09:08:00",100,"7+7+13+1 unassociated eggs",662,,0,,
1203963152,1950626412,100,23,2,10,1,"1899-12-30 09:15:00","1899-12-30 09:46:00",100,,663,,0,,
-1175472077,1495734842,100,35,2,10,1,"1899-12-30 06:09:00","1899-12-30 07:03:00",100,"5+4+1+15 unassociated eggs",664,,0,,
787001455,1495734842,100,36,2,10,1,"1899-12-30 07:05:00","1899-12-30 07:57:00",100,"10+16 unassociated eggs",665,,0,,
997452670,1495734842,100,37,2,10,1,"1899-12-30 08:11:00","1899-12-30 08:35:00",100,,666,,0,,
835535938,1495734842,100,26,2,10,1,"1899-12-30 08:39:00","1899-12-30 09:19:00",50,"6+5+5 unassociated eggs",667,,0,,
872846518,1074185641,100,27,2,10,1,"1899-12-30 03:39:00","1899-12-30 04:30:00",100,"5+9+6 unassociated eggs",668,,0,,
1309668811,1074185641,100,26,2,10,1,"1899-12-30 04:31:00","1899-12-30 05:31:00",100,"3 unassociated eggs",669,,0,,
-653649572,1074185641,100,25,2,10,1,"1899-12-30 05:37:00","1899-12-30 06:22:00",100,"7+3+7 unassociated eggs",670,,0,,
1124094374,1074185641,100,24,2,10,1,"1899-12-30 06:23:00","1899-12-30 06:49:00",100,,671,,0,,
-1731219877,1074185641,100,22,2,10,1,"1899-12-30 06:50:00","1899-12-30 07:45:00",100,"2+2 unassociated eggs",672,,0,,
-2145146926,1311822517,100,30,2,10,1,"1899-12-30 04:25:00","1899-12-30 04:44:00",100,,673,,0,,
-1148767810,1311822517,100,29,2,10,1,"1899-12-30 04:45:00","1899-12-30 05:16:00",100,,674,,0,,
110092974,1311822517,100,28,2,10,1,"1899-12-30 05:17:00","1899-12-30 05:58:00",100,,675,,0,,
1495746789,1311822517,100,33,2,10,1,"1899-12-30 06:07:00","1899-12-30 06:36:00",100,,676,,0,,
823799695,1311822517,100,38,2,10,1,"1899-12-30 06:39:00","1899-12-30 07:04:00",100,,677,,0,,
999954509,1311822517,100,37,2,10,1,"1899-12-30 07:10:00","1899-12-30 07:29:00",100,,678,,0,,
-1790259320,1311822517,100,23,2,10,1,"1899-12-30 07:32:00","1899-12-30 08:11:00",100,,679,,0,,
-3150062,-830472459,100,35,2,10,1,"1899-12-30 04:35:00","1899-12-30 05:38:00",100,"6+8+11+5+7+4+8+6 unassociated eggs",680,,0,,
1495819532,-830472459,100,39,2,10,1,"1899-12-30 05:39:00","1899-12-30 06:50:00",100,"4+9+44 unassociated eggs",681,,0,,
761174895,-830472459,100,36,2,10,1,"1899-12-30 06:54:00","1899-12-30 07:45:00",100,,682,,0,,
-2015721596,-830472459,100,31,2,10,1,"1899-12-30 07:49:00","1899-12-30 08:51:00",100,"6+8 unassociated eggs",683,,0,,
-1033353287,-830472459,100,32,2,10,1,"1899-12-30 08:54:00","1899-12-30 09:25:00",100,"10+12 unassociated eggs",684,,0,,
-1040112885,-830472459,100,34,2,10,1,"1899-12-30 09:26:00","1899-12-30 10:27:00",100,"26+4+10+22 unassociated eggs",685,,0,,
1668878451,232471418,100,30,2,10,1,"1899-12-30 03:17:00","1899-12-30 03:29:00",100,,686,,0,,
1793822679,232471418,100,29,2,10,1,"1899-12-30 03:30:00","1899-12-30 03:59:00",100,,687,,0,,
921987479,232471418,100,33,2,10,1,"1899-12-30 04:00:00","1899-12-30 04:22:00",100,"5 unassociated eggs",688,,0,,
-665301158,232471418,100,28,2,10,1,"1899-12-30 04:24:00","1899-12-30 05:02:00",100,"a lot of sand",689,,0,,
1496162943,232471418,100,26,2,10,1,"1899-12-30 05:03:00","1899-12-30 06:10:00",100,,690,,0,,
-1664004798,232471418,100,38,2,10,1,"1899-12-30 06:12:00","1899-12-30 06:22:00",100,,691,,0,,
-763192414,232471418,100,39,2,10,1,"1899-12-30 06:22:00","1899-12-30 06:47:00",100,,692,,0,,
-243889171,232471418,100,25,2,10,1,"1899-12-30 06:53:00","1899-12-30 07:15:00",100,,693,,0,,
561177875,-1584601446,100,27,2,10,1,"1899-12-30 03:23:00","1899-12-30 03:48:00",100,"12 unassociated eggs",694,,0,,
-1559176116,-1584601446,100,35,2,10,1,"1899-12-30 03:50:00","1899-12-30 04:10:00",100,"12+7+3+5+13 unassociated eggs",695,,0,,
1522672874,-1584601446,100,36,2,10,1,"1899-12-30 04:10:00","1899-12-30 04:39:00",100,"5+5+16+22+7+11 unassociated eggs",696,,0,,
399145099,-1584601446,100,37,2,10,1,"1899-12-30 04:43:00","1899-12-30 05:00:00",100,,697,,0,,
469535783,-1584601446,100,22,2,10,1,"1899-12-30 05:04:00","1899-12-30 05:38:00",100,"9+12 unassociated eggs",698,,0,,
1115436927,-1584601446,100,31,2,10,1,"1899-12-30 05:39:00","1899-12-30 06:13:00",100,"4 unassociated eggs",699,,0,,
1109363181,-1584601446,100,24,2,10,1,"1899-12-30 06:23:00","1899-12-30 06:47:00",100,"6 unassociated eggs",700,,0,,
1151716776,-1584601446,100,32,2,10,1,"1899-12-30 06:54:00","1899-12-30 07:30:00",100,"12+7 unassociated eggs",701,,0,,
-1024206990,-810670891,100,34,2,10,1,"1899-12-30 05:27:00","1899-12-30 06:04:00",100,"13+7 unassociated eggs",702,,0,,
678232347,-810670891,100,23,2,10,1,"1899-12-30 06:06:00","1899-12-30 06:47:00",100,,703,,0,,
-1520774056,1496259347,100,39,2,10,1,"1899-12-30 18:18:00","1899-12-30 18:34:00",100,,704,,0,,
-812433163,1496259347,100,38,2,10,1,"1899-12-30 18:35:00","1899-12-30 18:43:00",100,,705,,0,,
-1838117473,1496259347,100,35,2,10,1,"1899-12-30 18:44:00","1899-12-30 18:55:00",100,"5 unassociated eggs",706,,0,,
-130606434,1496259347,100,34,2,10,1,"1899-12-30 18:55:00","1899-12-30 19:21:00",100,,707,,0,,
-1970737439,1496259347,100,32,2,10,1,"1899-12-30 19:22:00","1899-12-30 19:43:00",50,,708,,0,,
678819966,1496259347,100,31,2,10,1,"1899-12-30 19:44:00","1899-12-30 20:03:00",60,,709,,0,,
-564320301,1496259347,100,33,2,10,1,"1899-12-30 20:04:00","1899-12-30 20:19:00",100,,710,,0,,
-572323605,1496259347,100,36,2,10,1,"1899-12-30 20:21:00","1899-12-30 20:35:00",100,,711,,0,,
-779927200,1496259347,100,37,2,10,1,"1899-12-30 20:35:00","1899-12-30 20:45:00",100,,712,,0,,
-507379685,1496259347,100,22,2,10,1,"1899-12-30 20:50:00","1899-12-30 21:07:00",20,"5 unassociated eggs",713,,0,,
469641394,1496259347,100,24,2,10,1,"1899-12-30 21:08:00","1899-12-30 21:23:00",100,,714,,0,,
-569019326,1496259347,100,26,2,10,1,"1899-12-30 21:24:00","1899-12-30 21:39:00",100,,715,,0,,
-2053041316,1496259347,100,25,2,10,1,"1899-12-30 21:40:00","1899-12-30 21:51:00",100,,716,,0,,
188238593,1496259347,100,27,2,10,1,"1899-12-30 21:51:00","1899-12-30 21:58:00",100,,717,,0,,
-2100009958,1496259347,100,30,2,10,1,"1899-12-30 21:59:00","1899-12-30 22:05:00",100,,718,,0,,
1524102925,1496259347,100,23,2,2055687875,1,"1899-12-30 21:07:00","1899-12-30 22:00:00",,,719,,0,,
867768013,-1818190468,100,29,2,2055687875,1,"1899-12-30 20:00:00","1899-12-30 20:00:00",,,720,,0,,
-1853576474,-1818190468,100,28,2,2055687875,1,"1899-12-30 20:00:00","1899-12-30 20:00:00",,,721,,0,,
